:100000006F00D00E1300000013000000130000006A
:100010001300000013000000130000001300000094
:100020001300000013000000130000001300000084
:08003000130000007300100032
:100038000000000000000000080300000C0300009E
:10004800000000003208000000000000000000006E
:10005800340800003608000000000000000000001E
:1000680038080000000000003A0800000000000006
:100078003C0800003E08000040080000420800005C
:100088004408000046080000480800004A0800002C
:100098004C0800004E0800005008000052080000FC
:1000A8005408000056080000580800005A080000CC
:1000B8005C0800005E08000060080000620800009C
:1000C8006408000066080000680800006A0800006C
:1000D8006C0800006E08000070080000720800003C
:1000E8007408000076080000780800007A0800000C
:1000F8007C0800007E0800008008000082080000DC
:100108008408000086080000880800008A080000AB
:100118008C0800008E08000090080000920800007B
:100128009408000096080000980800009A0800004B
:100138009C0800009E080000A0080000A20800001B
:10014800A4080000A6080000A8080000AA080000EB
:10015800AC080000AE080000B0080000B2080000BB
:10016800B4080000B6080000B8080000BA0800008B
:10017800BC080000BE080000C0080000C20800005B
:10018800C4080000164E0000C8080000CA08000095
:10019800CC080000CE080000D0080000D2080000FB
:1001A800D4080000D6080000D8080000DA080000CB
:1001B800DC080000DE080000E0080000E20800009B
:1001C800E4080000E6080000E8080000EA0800006B
:1001D8000000000000000000000000000000000017
:1001E8000000000000000000000000000000000007
:0801F8000000000000000000FF
:10020000397101436EC619A0397141536AC866CA73
:1002100062CC5ECE19A0397101535AD056D252D455
:100220004ED64AD826DA22DC06DE330161408282CD
:1002300041114AC026C222C406C68282B24D410183
:10024000024D924C224CB24B4101024B924A224A3F
:10025000B2494101024992442244B24041018280A4
:100260003D432A876373C3029377F700BDEFADE583
:10027000937606FF3D8ABA960CC34CC30CC74CC795
:100280004107E36BD7FE11E28280B306C3408A06C2
:100290009702000096966780A6002307B700A30682
:1002A000B7002306B700A305B7002305B700A304D2
:1002B000B7002304B700A303B7002303B700A302CA
:1002C000B7002302B700A301B7002301B700A300C2
:1002D000B7002300B700828093F5F50F9396850051
:1002E000D58D93960501D58D61B79396270097021A
:1002F000000096968682E78086FA9680C1171D8F49
:100300003E96E374C3F8A5B77300203001A0EFF266
:100310003FF24111854511453714014002C202C424
:1003200002C6EF00F0799307000241498D444C006A
:10033000130504807C824AC626C4EF0070058545FB
:100340002145EF00F07785674C00130504C07C82DF
:100350004AC626C4EF00D0031305048093050002AB
:10036000EF00F04B8565130504C0EF00504B4101D1
:10037000D5B5EFF2FFEB0545EF00707F0145EF00CB
:1003800090790945EF0090770545EF00707A0545B3
:10039000EF00B07B0565854513050580EF007070A3
:1003A000B7E700E03707200023A4E71065B5EFF2B8
:1003B0003FE841118545414502C202C402C6EF0033
:1003C0003070930700087C8291473EC64C008D47F1
:1003D000371501403EC42944EF00807BA301010092
:1003E0009305000837150140EF0090429C817D1471
:1003F0001374F40FAA9793F7F70FDC8175F09C81C3
:1004000093F7F70F99C34101B1B501A0EFF25FE295
:100410000945EF00F04EA122EF106009493F8545E4
:100420001545EF00F0693705300085451305054097
:10043000EF00303FE93D3D2CEF608074EF50A001AC
:1004400075DDEF603003EF601028EF60B002EF6001
:100450009027C5BFB71702409843B706FFF8411170
:100460001367170098C3D84337150240B705020039
:10047000758FD8C39843B706F7FEFD16758F98C3DE
:100480009843B706FCFFFD16758F98C3D843B7068F
:1004900081FFFD16758FD8C39843B70600ECFD1693
:1004A000758F98C33707FF0098C723A6070202C4B9
:1004B00002C69843C1660566558F98C321A0A2471E
:1004C000638AC7001C41ED8F3EC6A24785073EC424
:1004D000B247F5D7B71702409C431397E700635A1A
:1004E000070085473EC6324785476309F70041014B
:1004F000828002C632478547E31BF7FEB7170240EA
:10050000D8433706C1FF7D16D8C3D843D8C3D443D8
:100510003717024093E60640D4C3D443F18ED4C3C8
:10052000D44337062900D18ED4C394433706000143
:10053000D18E94C31C4393966700E3DD06FE5C43B3
:1005400037160240A146F19B5CC35C4393E727004A
:100550005CC35C42B18BE39ED7FE410182803717BA
:1005600002405C439146B18B638DD702A146638301
:10057000D704B7177A0037060020938707201306A1
:10058000060837170240584311839376F700370760
:1005900000201307070036971823B3D7E7001CC2C3
:1005A0008280B727B70037060020938707B013066D
:1005B0000608C1BF5C43544313D727013D8BC16775
:1005C000FD8E9307270015CF3D476380E70A41471B
:1005D000639FE7040147BD4785EAB746024083A60B
:1005E0000680C18AB9CAB7167A0093860620B387F7
:1005F000D70237060020130606081CC259D385838C
:1006000049B70147C947F1DAB7160240D4421396F9
:10061000E60063500604B7965B00938606D8B3875E
:10062000D70237060020130606081CC2C1BF454783
:100630006390E7040147C14745B7B7163D0093866D
:100640000690B387D70237060020130606081CC29F
:1006500075B7B726B700938606B0B387D7023706BB
:100660000020130606081CC251BF0547B547ADB7A9
:1006700001479DB7EFF23FBA397185451145EF004B
:10068000304485452145EF00B043854537050400DA
:10069000EF00F04485450545EF00B04037190140B3
:1006A000130509809305004002C402C602C8EF008A
:1006B000D016930A00400D4AC1492C00130509C009
:1006C000B75400402314510152C64EC8D12183D7DC
:1006D000C4802C00130509C0C207C183CD9BC2078B
:1006E000C1832396F4808567938707807C84930772
:1006F00080043EC87129E1472C00130509C03EC89B
:100700002314510152C669218545054502CA02CC10
:1007100002CE02D002D202D402D602D802DA02DC21
:1007200002DEEF001038B747004093874740370993
:1007300002403ECA93070008130509033ED48D67A3
:100740004ECE3EDC02CC02D002D202D602D802DA71
:1007500002DE3524B76700209387C75113840480D5
:100760004C08130509033ECC938444809307002072
:100770003ED026CA02CE652E130509038545C52E37
:100780000546228593050004EF00504FF1679387DB
:10079000072002CE4C0822853ECAB147FC8702CC16
:1007A00002D0EF00303E85452285EF00B04B21613D
:1007B00069BCEFF2FFA71431102138213C31A206A9
:1007C000D18E4207558FE20754214111D98F3EC087
:1007D00002C202C402C605475C316387E6040947CA
:1007E0006389E6020547638BE7020947638DE700EB
:1007F000375500408A85B147130505807C85EF0099
:100800007038410181BC930700407C8485677C82FD
:10081000C5B7096778830547E399E7FC930700604C
:100820007C8485677C82E9B70D67788365BF01A00A
:1008300001A001A001A001A001A001A001A001A0B0
:1008400001A001A001A001A001A001A001A001A0A0
:1008500001A001A001A001A001A001A001A001A090
:1008600001A001A001A001A001A001A001A001A080
:1008700001A001A001A001A001A001A001A001A070
:1008800001A001A001A001A001A001A001A001A060
:1008900001A001A001A001A001A001A001A001A050
:1008A00001A001A001A001A001A001A001A001A040
:1008B00001A001A001A001A001A001A001A001A030
:1008C00001A001A001A001A001A001A001A001A020
:1008D00001A001A001A001A001A001A001A001A010
:1008E00001A001A001A001A001A001A0970100208A
:1008F000938141F9177100201301C1701785000021
:100900001305854697F5FF1F9385C56F13860185EF
:1009100063FAC5008322050023A055001105910547
:10092000E3EAC5FE176500201305C5BB97650020E7
:10093000938585156377B500232005001105E36DC8
:10094000B5FEFD42739002BCAD4273904280B76227
:1009500000009382820873A0023097F2FFFF938217
:10096000E26D93E2320073905230EFF0BFAE970227
:1009700000009382E2A973901234730020301C416E
:1009800041677917F98F1CC1232005002322050038
:1009900023240500B707024023260500138787009C
:1009A000630EE5081387C7016305E508138707038E
:1009B0006301E50A138747046304E50A1387870583
:1009C0006303E5081387C7066301E50A1387070871
:1009D0006301E50C138787406303E50C1387C74168
:1009E000630BE508938707436302F50CB7070240E2
:1009F000138747446307E50C13878745630AE50CB3
:100A00001387C746630EE50C138707486302E50E9C
:100A1000138707496306E50E1387074A6309E50E46
:100A20001387074B630CE50E1387074C630CE50433
:100A30008280D8431367070FD8C38280D8431367D7
:100A4000F700D8C38280D843B7060F00558FD8C3AC
:100A50008280D8438566938606F0558FD8C38280FE
:100A6000D843BD66558FD8C38280D843B706F000FF
:100A7000558FD8C3828003A747401367070F23A26F
:100A8000E740828003A7474DBD66558F23AAE74CF8
:100A90008280D843B706000F558FD8C3828003A742
:100AA00047401367F70023A2E7408280B707024060
:100AB00003A747408566938606F0558F23A2E7403B
:100AC000828003A74740BD66558F23A2E7408280FE
:100AD00003A74740B7060F00558F23A2E740828047
:100AE00003A74740B706F000558F23A2E740828056
:100AF00003A74740B706000F558F23A2E740828027
:100B000003A7474D1367F70023AAE74C828003A78A
:100B1000474D1367070F23AAE74C828003A7474D71
:100B20008566938606F0558F23AAE74C8280905104
:100B30009C459449D84983A88501D18FD58FD04D44
:100B4000D451D98FB3E71701184103A88502D18F7B
:100B5000D58FE176BD06D045758FB3E70701944187
:100B6000D98F1CC1DC4150C114C55CC582801C41B9
:100B700089C593E717001CC1828041677917F98FF7
:100B80001CC182804CC182804841420541818280E3
:100B9000944593F7060113F6F60099C3DC415D8E88
:100BA0009E2113F7F70F39CB184193058004638A10
:100BB000B61A930580026381B63A93F51700639ED7
:100BC000053093F52700639C053293F54700639544
:100BD000053693F58700639A053493F50701639E04
:100BE000053293F507026392053293F5070463908B
:100BF000053093F507086395052E18C11307F00F0C
:100C00006370F70C584193058004639CB60A93F611
:100C1000071091C6419B93060010518F14C993F69B
:100C2000072089CA931646001377F7F0558F93066D
:100C3000002014C993F6074099CAFD769386F60FF3
:100C4000758F93168600558F9306004014C98566EC
:100C500093860680B3F5D70081C9C575FD156D8FE4
:100C60009315C6004D8F14C99396370163DB0600B8
:100C7000B706F1FFFD16758F93160601558F856631
:100C800014C99396270163DB0600B70610FFFD1613
:100C9000758F93164601558F896614C9939617016F
:100CA00063DB0600B70600F1FD16758F931686010B
:100CB000558F916614C9C207C18763C7072858C1F9
:100CC000828093058002638AB61493F6071099C256
:100CD000419B518F93F6072091C61377F7F0931637
:100CE0004600558F93F6074081CAFD769386F60F2E
:100CF000758F93168600558F9396470163D806002B
:100D0000C576FD16758F9316C600558F93963701DD
:100D100063D90600B706F1FFFD16758F931606011D
:100D2000558F9396270163D90600B70610FFFD166D
:100D3000758F93164601558F9396170163D9060058
:100D4000B70600F1FD16758F93168601558FC20701
:100D5000C187E3D607F6120711837206518F58C177
:100D600085B793F5170089C5419B8545518F0CC9FF
:100D700093F5270081C9931546001377F7F04D8F3F
:100D800089450CC993F5470091C9FD759385F50F09
:100D90006D8F931586004D8F91450CC993F5870093
:100DA00089C9C575FD156D8F9315C6004D8FA14579
:100DB0000CC993F5070191C9B705F1FFFD156D8FBA
:100DC000931506014D8FC1450CC993F5070299C9CA
:100DD000B70510FFFD156D8F931546014D8F9305D7
:100DE00000020CC993F5070499C9B70500F1FD1578
:100DF0006D8F931586014D8F930500040CC993F5F3
:100E00000708E38C05DE12079315C60111834D8F89
:100E1000930500080CC918C1D5B393F6071091C605
:100E2000419B93060010518F54C993F6072089CA3D
:100E3000931646001377F7F0558F9306002054C998
:100E400093F6074099CAFD769386F60F758F931631
:100E50008600558F9306004054C9856693860680A8
:100E6000B3F5D70081C9C575FD156D8F9315C60003
:100E70004D8F54C99396370163DB0600B706F1FF27
:100E8000FD16758F93160601558F856654C9939686
:100E9000270163DB0600B70610FFFD16758F93165A
:100EA0004601558F896654C99396170163DB060086
:100EB000B70600F1FD16758F93168601558F916662
:100EC00054C9C207C187E3DC07DE1207118372062B
:100ED000A167518F5CC958C1E5B3419B518FD5B112
:100EE000120711839315C6014D8F18C101BBB705B9
:100EF00000F1FD156D8F931586014D8FDDB91377C8
:100F0000F7F0931546004D8FC9B1B70510FFFD15D9
:100F10006D8F931546014D8FC9B9B705F1FFFD15CA
:100F20006D8F931506014D8F6DB9C575FD156D8FCC
:100F30009315C6004D8F55B1FD759385F50F6D8FD7
:100F4000931586004D8F71B1120711837206A16748
:100F5000518F1CC958C1ADB393F5170089C5419B8A
:100F60008545518F4CC993F5270081C993154600DB
:100F70001377F7F04D8F89454CC993F5470091C918
:100F8000FD759385F50F6D8F931586004D8F9145F7
:100F90004CC993F5870089C9C575FD156D8F9315EB
:100FA000C6004D8FA1454CC993F5070191C9B705FE
:100FB000F1FFFD156D8F931506014D8FC1454CC98D
:100FC00093F5070299C9B70510FFFD156D8F9315AD
:100FD00046014D8F930500024CC993F5070499C94A
:100FE000B70500F1FD156D8F931586014D8F9305A3
:100FF00000044CC993F50708E38105C01207931557
:10100000C60111834D8F930500084CC918C1FDB668
:1010100008456D8D3335A00082800CC982804CC993
:101020008280B70630009357050113180501337607
:10103000D500BD8B1358080163490504B70801406A
:1010400003A748006309D6029316B50063DB0606C2
:101050008D46B397F60093C7F7FF7D8FB707000F54
:10106000D98F91C5558112053315A800C98F37074F
:1010700001405CC3828083A64800B70700F1FD17DA
:10108000FD8E23A2D800F98FE9BF37070140584FE2
:101090006300D6069316B50063D106048D46B39758
:1010A000F60093C7F7FFF98F89C9135755011377D6
:1010B000F73F12073315E800C98F370701405CCFAF
:1010C0008280935755019207B317F80093C7F7FF33
:1010D0007D8FB707000FD98F69B79357550193F7E5
:1010E000F73F9207B317F80093C7F7FFF98F6DBF6B
:1010F000C1078D46B397F60093C7F7FFF98F6DB719
:10110000B767002023A0A74E8280371702405C43B8
:101110009146B18B6384D706A1466387D706B7177C
:101120007A00938707201CC13716024054423707C4
:101130000020130707019182BD8ABA969422B3D783
:10114000D7005CC15442A1829D8ABA969422B3D63C
:10115000D70014C55442AD829D8A36971823B3D761
:10116000E7005CC558423983937637001387418086
:1011700036971823B3D7E7021CC98280B727B70078
:10118000938707B01CC14DB75C43B7F6FF1F5843A8
:1011900083A6C6704166C983BD8B718F13961601F5
:1011A0008907635F060289466389D70CBD46638958
:1011B000D70CC146639DD70A8146BD4705EB37472B
:1011C000024003270780418B2DCB37177A00130786
:1011D0000720B387E7021CC1A1DA85831CC1A9B728
:1011E00045468146E39CC7FCC94771DBB715024001
:1011F000D8551316F700D8556359060411833D8B53
:101200003726B7000507130606B03356E60210C1AD
:10121000D85521833D8B39C785456306B706BD4543
:10122000630AB70609073307C7023716024050564C
:101230003D8A05063357C70215A037173D0013072F
:101240000790B387E7021CC141BF3D8B130617000F
:101250003727B700130707B03357C702B387E70232
:101260001CC19DBF13172600329705837DBFC5465D
:101270006397D7028146C14791B78146C947B5B741
:101280008546B54725BF1317160032970E073297CC
:10129000058361BF1317260032970A0779B7814685
:1012A00031BF99C5371702405C4B5D8D48CB8280BA
:1012B000B7170240D84B1345F5FF798DC8CB828014
:1012C00099C5371702401C4F5D8D08CF8280B71734
:1012D0000240984F1345F5FF798D88CF828099C5DC
:1012E000371702405C4F5D8D48CF8280B7170240B0
:1012F000D84F1345F5FF798DC8CF8280B7170240CC
:10130000D857B70600F9FD16758FD8D7D85762059C
:10131000598DC8D78280B7170240D857B70600F852
:10132000FD16758FD8D7D8576E05598DC8D78280CE
:10133000B7170240D857B70600D0FD16758FD8D71B
:10134000D8577205598DC8D7828009C9371702400E
:101350005C57B7060040D58F5CD78280B716024035
:10136000DC56370700C07D17F98FDCD6828037172F
:1013700002405C577E05860785835CD75C575D8D90
:1013800048D78280EFE2DFEA1629FA21F577FD17C8
:10139000F58FD98FDA251EA92A844A25AE84FD77D8
:1013A000CE2192249387379FB624E98FCD8FD18F9A
:1013B000D58F5EA45E2801116800C207C18393F730
:1013C000F7CFD98F5EA89133B74701409387078045
:1013D0006308F4085247562493171700BA97C206B9
:1013E0008E07C186BA97984063CE06020A07B3D724
:1013F000E70213074006522442064186B3D6E702AD
:10140000B3F7E7029206634E06029207938727031B
:10141000B3D7E702BD8BD58FC207C1831EA4056178
:101420006FE05FE30607B3D7E702130740065224D5
:1014300042064186B3D6E702B3F7E7029206E356C7
:1014400006FC8E0793872703B3D7E70213F77700CD
:10145000B367D700C207C1831EA405616FE09FDF99
:10146000624795BF91C55E250967D98F5EA58280C9
:101470005A25F977FD17F98F5EA582805E2901C68E
:10148000DD8D4EA9828093C5F5FFFD8D4EA982802A
:1014900093F5F51F4EA182800A216D8D3335A00092
:1014A000828093C5F5FFC205C1810EA18280B70776
:1014B000002083A7070837177A0013070720B3D740
:1014C000E7021307803EB766002093F7F70F3387D4
:1014D000E7022383F64EB76700202392E74E82800F
:1014E0003285828093878180944337770020130769
:1014F00047A83695636BE500378700201307078000
:101500006365A70088C336858280FD563685828054
:10151000EFE21FCF1821FD4679711346070863F1EA
:10152000C60298A1F5462E89138C150063EAE6726F
:10153000A1660A079386067C369718432A8D028790
:10154000EF104075AA84268545616FE03FCFA380E8
:101550000500183113892500854B93052500930953
:10156000F7FF8544630E0770371B0140370A00FF01
:10157000370C3001B70C4000FD5AB1A083274D0055
:101580004A86A285B3F747012322FD0083274D0039
:10159000B3E787012322FD00EF20F003639E0900DB
:1015A00083274D00B3F747012322FD0083274D0019
:1015B000B3E787012322FD008504B305B401EE944F
:1015C000FD19638F596B882113841500A14D937702
:1015D000F50389C7938D770093DD3D00931785014F
:1015E000E187130D0B80E3DB07F883274D004A8664
:1015F000A285B3F747012322FD0083274D00B3E7FF
:1016000097012322FD00EF20007D639E09008327C0
:101610004D00B3F747012322FD0083274D00B3E7B8
:1016200087012322FD0085046E99EE9BA28549BFA8
:10163000376700201307C771102389466313D668E4
:101640001C31342F3CBF63FED7663945EF1050384C
:10165000EF10C0719356850013570501935785010C
:10166000B7040200A30009002301A900A301D900C7
:101670002302E900A302F9009904F1B51831B76912
:1016800000209389C971238DE9006305071030217B
:10169000854623920902238EC9006314D7006F1078
:1016A0002022343189452393C902A38ED900B296F2
:1016B000630AB7064C212394D9020D45238FB90044
:1016C000AE966301A70683455D0011452395D902B7
:1016D000A38FB900AE966307A70483456D00154537
:1016E0002396D9022380B902AE96630DA7028345E3
:1016F0007D0019452397D902A380B902AE966303F2
:10170000A70283458D001D452398D9022381B90284
:10171000AE966309A70083479D002399D902A38150
:10172000F902BE9683C7D901918E239AD9029D8E64
:10173000239BD9028947630FF70403C6E9018D474C
:10174000918E239CD9026307F70403C6F9019147E0
:10175000918E239DD902630FF70203C609029547B4
:10176000918E239ED9026307F70203C61902994797
:10177000918E239FD902630FF70003C629029D476C
:10178000918E2390D9046307F70083C739029D8E99
:101790002391D90493041700C204C16793E4140091
:1017A0008507A3000900BE9479BB376700201307A3
:1017B000C77114230546E388C64409466398C65892
:1017C0001431302F34BF63F3C6582145EF10502039
:1017D00083463D0003462D0003474D0003455D0051
:1017E00093978600B3E6C70093170701D58F62056C
:1017F0005D8DB7040600EF10C0708904A3000900D6
:1018000099B3B76900209389C97183CA0900054754
:10181000E38BEA520947E38DEA42A3800500238166
:101820000500A38105000D4C03474D00098B63079C
:101830000752B7040400336C9C00C1648504E29431
:1018400019B33421103138315C21A206D18E420700
:10185000558FE207D98F6388075237177A0013072D
:10186000F71FE373F75CB76700209387C7710547DD
:1018700098B30547D8C3B7040500A300090089043D
:10188000D9B1C16423810500A38005008D0465B929
:10189000382114319317870033E7D70093171700C7
:1018A000BA978A07998F3ED29257FD173ED2EDFF25
:1018B000B7040300A3000900890471B1B7190140FE
:1018C000B767002091440D444C1013850980238E86
:1018D000077099672312F10226D62313010222D43E
:1018E000EFF00FAB930700104C1037150140231297
:1018F000F10226D622D4EFF0AFA9F17726D64C100C
:10190000138509C0C1642312F10222D48904EFF0C7
:101910002FA8A300090005B900316302043C8547E4
:10192000630FF43A89476317F446B767002085458B
:101930001145B7140140238E877002D202D402D61B
:10194000413299678D49414A4C1013850480231216
:10195000F10252D64ED4EFF0AFA3996513850480FF
:10196000EFF0AFEB85454145A13A930700104C10CD
:10197000371501402312F102D1473ED64ED4EFF085
:101980002FA19305001037150140EFF00FE98545B1
:1019900021453D32E1774C10138504C02312F1023A
:1019A00052D64ED4EFF0CF9E91674C10138504C0F1
:1019B0002312F10291473ED64ED4EFF06F9DA16500
:1019C000138504C0EFF06FE5B7040200A30089009F
:1019D000890495BE1831E30E07428547E30AF7EC08
:1019E000FD57B70403009CB18904B1BE1C31130735
:1019F000000FE38AE7506363F72A0D47E381E7525C
:101A000011476397E72C9387018488238C33B02395
:101A1000B433D823DC33B70402002301A900A303A5
:101A2000F9009947A301B9002302C900A302D90014
:101A30002303E900A104A300F90031B6B76900202F
:101A40009389C97183C709009306150005473ECAEB
:101A500036CE638AE76A09476380E7343821130486
:101A6000350009EB6F00F01CC18B89EB05047D1775
:101A7000E301071C1C2093F62700FDF61504C5BFE3
:101A80001C31376700201307C77193F6370089832D
:101A90008506858B14AF1CBFB7040200A380050028
:101AA000890455B4083193052D006308052C93046F
:101AB00075008D808504C204C16793E41400850716
:101AC000BE94EF20A02AA3000900B5BCA3800500A6
:101AD00018311389250013042500930AF7FF054BDD
:101AE00085446306071AFD5B3DA09D0993D9390023
:101AF000138C19005285620AA2854A86135A8A41BC
:101B0000EF10E0194E94E29463540A004E994E9BF4
:101B1000FD1A638E7A17034A040005049379FA03C9
:101B2000E39509FC254CA149F1B714313767002032
:101B30001307C77154A734313021B7040600A20639
:101B4000D18E16AB54315021890493978600D18FE2
:101B50003EABA3800500C5BA4021303158318349DE
:101B6000250074212204518C4207418F13FB190078
:101B7000139486010431598C630B0B0093F7140006
:101B8000E38C072CB7170140116723A8E78013FAED
:101B90002900630B0A0093F72400E386072CB7178C
:101BA0000140096723A8E78093FA4900638C0A0083
:101BB00093D72400858BE38F072AB717014021674D
:101BC00023A8E7C0939B890193DB8B4163C00B0A79
:101BD00021C893D6140013D6240093D7540013D7EA
:101BE0007400E3000B2AE3950754E31F0A4CB71671
:101BF000014063C40B006F00D07783A7C680B98310
:101C0000858BE39CF4FE63880A0083A7C6C0BD836E
:101C1000858BE314F6FE9C46A183858BE31FF7FCBE
:101C2000371701400326C7808327C7808325C7C095
:101C3000832687C0B1831847B581898B9189398202
:101C4000CD8F058AAD82D18FA18A0583D58F137779
:101C50000708D98FB7040700A300F9008904E5B08D
:101C6000FD57C1642300F9008504F1B893D77400CF
:101C7000E3840730B71701401307001098CB89BFE2
:101C8000C204C167B3E474018507BE946DB8C20491
:101C9000C167B3E464018507BE9475B01307E00F14
:101CA000E38FE72A1307F00F6394E7028947BCB17B
:101CB00023810500B704020089479104A300F900BD
:101CC00059B0FD57B7040200A300F9008904A5B874
:101CD000B704020081478904A300F900ADB00547AD
:101CE000B767002085451145238EE77002D202D4E4
:101CF00002D6EFF0EFDCB714014099670D444C10A9
:101D0000138504802312F102C1473ED622D4EFE0AE
:101D10003FE8996513850480EFF02FB08545414574
:101D2000EFF00FDA930700104C1037150140231223
:101D3000F102D1473ED622D4EFE09FE59305001093
:101D400037150140EFF06FAD0544BDB9FD57B7043D
:101D50000600A300F90089046FF0EFFE83443D0004
:101D600083472D00A204DD8C8504CA04C167B3E457
:101D700084018507BE946FF00FFDB704220089042B
:101D8000130500103DBBFD57B70405009CB1890445
:101D90006FF06FFB01440DB91831B764002083C6A2
:101DA000A9019384744E9387350023800400A38D8A
:101DB000E9003EC8E377D724834B250013043500A0
:101DC000E3850B5A814D0146014B894A034A0400C1
:101DD000930714003EC4937C1A0093772A00A90C41
:101DE0006383071463070B1603DD09016396CC00B8
:101DF00013770A01630F0710A947630EF600294500
:101E0000EF10003D09A863030D2898207D1D13776E
:101E1000F70FE317070C4C103945EF104077AA86EF
:101E2000E30355FF2946014B8547E392F60CC24870
:101E3000925713770A019386480013D8870013D569
:101E4000070193D587012380F800A380080123812F
:101E5000A800A381B80036C86311071022446307A5
:101E60000B269C20850D93F7F70FE3970732FD1B98
:101E7000E39E0BF493FDFD0FA9476305F60029458A
:101E8000EF10003583D90901E3080B42130A410220
:101E9000894A09A8E38809449C20FD1993F7F70FA4
:101EA000E3920744D2853945EF10606EE30455FF95
:101EB0000547EE876315E502C24612579106B684C0
:101EC00036C8935587001356070193568701238E12
:101ED000E4FEA38EB4FE238FC4FEA38FD4FE72470C
:101EE000A300F900C167B304E4404247C204850778
:101EF000330C8741B3E484012301A900BE946FF041
:101F00008FE463060D7E98207D1D1377F70F631015
:101F1000077E4C10528532C6EF106067AA863246A3
:101F2000E30155FF11B763140B1034200C30383027
:101F30005C20A206CD8E4207558FE207D98F3ED294
:101F400013770A0215046306071423AAF900014B4C
:101F500009BF93770A01638B071638200C303C3099
:101F6000542022074D8FC207D98F13978601D98F2E
:101F70003EC6930754003EC403D429016385CC00B8
:101F80006685EF10E02403DD090101A863060D0654
:101F90009C207D1D93F7F70FA5E381455285EF1037
:101FA000005FAA86E30455FF85476317F50403DD48
:101FB000090101A863010D069C207D1D93F7F70F11
:101FC000A5E74C105285EF10805CAA86E30455FF0C
:101FD00083A7490112570546F98F6310C50432479C
:101FE0006300F71211C49C207D1493F7F70FE1D31F
:101FF000136505019376F50F6686224439A0C18BDF
:1020000089EB0504FD1B63820B781C2013F7270066
:102010007DF71504C5BF1257524583A749017D8F2F
:10202000B247E397E7FCC9BF52451257FDB7A9472E
:102030006305F6002945EF10A01903DD090101A889
:1020400063070D049C207D1D93F7F70FA9E34C1047
:102050003945EF10C053AA86E30455FF854763183E
:10206000F50242479257294611073A853AC893D557
:10207000870093D6070113D78701230EF5FEA30E21
:10208000B5FE230FD5FEA30FE5FE45B5014BA94CC8
:10209000A5B76385CC006685EF10801303DB0901CB
:1020A00009A863080B649C207D1B93F7F70F6392CC
:1020B000076C4C105285EF10804DAA86E30355FF44
:1020C00085476318F56A6686014B61BB6385CC0062
:1020D0006685EF10E00F03D4090109A8630F045EC1
:1020E0009C207D1493F7F70F6399075E8145528515
:1020F000EF10E0492A8BE30355FF8547E31DF52ADE
:1021000066862244B9BBB7640020834B25009384C4
:10211000744E93873500238004003EC813043500B5
:10212000E3810B2402CC014502C4014B894A054DD1
:10213000034A0400930714003EC693772A0063867F
:10214000071483DD0901EE87630E0B0493771A01F0
:10215000639BA70129AA63870D229C20FD1D93F78D
:10216000F70F639107224C103945EF10B054E30488
:1021700055FF014B6318A50D424792571107BA85C9
:1021800013D6870093D607013AC813D78701238E49
:10219000F5FEA38EC5FE238FD5FEA38FE5FE83D764
:1021A0000901BE8D93760A0113761A00638A06141C
:1021B000834C2400083034304C20A20CB3ECAC002B
:1021C00013075400C206B3E696013AC6939C8501F4
:1021D000B3ECDC0003D4290105C609A8FD1DFD5799
:1021E0006382FD069C2093F7F70FA9EF8145528586
:1021F000EF10504CE30455FF6316A50583D7090182
:10220000BE8D01A8638C0D069820FD1D1377F70F76
:1022100035E74C105285EF10F049AA86E30455FFCC
:1022200083A749011257F98F631BA505638DFC0C29
:1022300011C49C207D1493F7F70FE9D313E5060131
:102240001375F50F324439A0C18B89EB0504FD1BD2
:10225000638E0B061C2013F727007DF71504C5BFFE
:10226000E3820DFE9C20FD1D93F7F70FE1FF4C105C
:102270005285EF103044E30555FFEDBD125783A79B
:1022800049017D8FE39CECFA75BF631F0B0E342070
:10229000103038305C20A206D18E4207558FE207FD
:1022A000D98F3ED213770A0215046306071223AAB8
:1022B000F900014B054522479C2005073AC493F7D6
:1022C000F70F63900714FD1BE3940BE68547630C3F
:1022D000F54C9377F50F3ECAF247B304F440C2477A
:1022E000C204338C8741A247B3E48401A300F90000
:1022F000D2472301F900C1678507BE946FF0AFA4F0
:1023000011CE63040B06324402CC75B7FD1DFD5798
:10231000E38AFDF29C2093F7F70F8DF74C1052855E
:10232000EF105039E30455FFE31EA5F142479257E1
:1023300032449305470013D6870093D6070113D77D
:1023400087012EC8238EF5FEA38EC5FE238FD5FEF2
:10235000A38FE5FE02CC85B7FD1DFD57E384FDEE9E
:102360009C2093F7F70FE39F07EC81455285EF1010
:102370007034E30355FFE317A5ED02CC054B32445F
:102380001DBF22C6014B7DBD83DC090109A8E38B7B
:102390000CEA9C20FD1C93F7F70FE39507EA4C101D
:1023A0003945EF103031E30455FFE31DA5E94247FD
:1023B00092571107BA853AC813D6870093D60701FA
:1023C00013D78701238EF5FEA38EC5FE238FD5FE7E
:1023D000A38FE5FE6DBD03DB090101A863030B02BA
:1023E0009C207D1B93F7F70FC9FF4C105285EF100F
:1023F000702CE30555FFE316A5F985473ECC014B4C
:102400005DBD22C681B53431302158215C31A20630
:10241000D18E4207558FE207D98F4C100145B70482
:1024200006003ED28904EF10F028A30009006FF0E7
:102430008F91F247A300090023010900B304F4407F
:10244000C204C16793E424008507BE946FF0AF8F88
:102450001831B764002083C6A9019384744E238089
:102460000400A38DE900138B4500637ED726834DBE
:1024700035003821A20DB3E7ED003EC6638507267F
:10248000834B450093F71B00A9073E853EC8EF002C
:10249000305413F72B00DE8C6313075013045D00D8
:1024A00002C4130A4102894C14300C203020383009
:1024B000A206CD8E4206558E6207518F83DD09013B
:1024C0003AD2110401A8638F0D049820FD1D1377E3
:1024D000F70F29EBD2855E85EF10600BE30595FFC2
:1024E0008547631EF56CB2472247FD1705073EC6B8
:1024F0003AC4DDFBC24729476385E7002945EF0061
:10250000304D03D40901894939A009CC98207D14A4
:102510001377F70F01EB81453945EF104007AA8A81
:10252000E30535FFA24713D787001377F70F93F71B
:10253000F70FA300F9002301E900A3015901330CAF
:102540008B416FF06FAE3C313821B7640020A20799
:102550009384744ED98F238004003EC6938B45002C
:10256000638F0722034B450003D7090193762B00A5
:10257000639F06281304550002C4130A4102894CC4
:102580000C30082030203430A205C98D42064D8E13
:10259000E206D18E36D21104BA8D01A8638A0D04E9
:1025A0009420FD1D93F6F60FA1E6D2855A85EF1013
:1025B0007010AA8AE30495FF8547631BF502B247B2
:1025C0002247FD1705073AC43EC603D70901CDFBD4
:1025D0003A84894939A009CC98207D141377F70FE4
:1025E00001EB81453945EF10F00CAA8AE30535FF70
:1025F000A24713D7870093FDF70F1377F70FA300B8
:10260000B9012301E900A3015901338C8B416FF01B
:10261000AFA13C21858BE5C3B7170140130700101C
:1026200023AAE7806FF0CFA83727F4001307F73FFE
:102630003E97B357F702B76900209389C971A38009
:102640000900894605476385D7000D4733D7E70260
:1026500023A2E9006FF02FA2B7170140116723AA48
:10266000E7806FF0CFD2B7170140096723AAE78050
:102670006FF08FD3B7170140216723AAE7C06FF02F
:102680006FD46397072C63D20B4AB7150140639848
:102690000A023716014063080A008327C680B58303
:1026A000858BE39AF6FE1C46A183858B630AF7D6D9
:1026B000DDB783A7C580B583858B6384F600E31AF5
:1026C0000AFE83A7C5C0BD83858BE31AF6FE9C4531
:1026D000A183858B6306F7D4DDB78946014B29BA00
:1026E000A94C014B11BA814A0147814799B5B28C77
:1026F00021B222C411B2B71701401307001023A85A
:10270000E7806FF0EF9ACD47BCA18547BCB1B70415
:10271000020089479104A300F9006FE0DFE2B7F7F8
:10272000FF1F03A7077F83A6C77E03A6877E1384A8
:102730002500B7950000938585832285EF40703191
:102740002285EF40703593071500B704020093F718
:10275000F70F8904BE94A300F9006FE0DFDEA14704
:10276000BCA1B704020085478D04A300F9006FE007
:102770009FDD22C4014B49B0B71701401307001079
:10278000D8CBEF20C02D6FF0AFC493F7FD0F0547F6
:10279000BE8D13F5F60F6394E6F46FF0EFED814A0A
:1027A0000147814DA9BD630F0B2883DA0901130A84
:1027B0004102894909A8E3810AB29C20FD1A93F7D6
:1027C000F70FE39B07B0D2853945EF10A06E2ACAF8
:1027D000E30335FF8547E311F5B0424792571107F0
:1027E000BA853AC813D6870093D6070113D7870155
:1027F000238EF5FEA38EC5FE238FD5FEA38FE5FEA7
:10280000E1BC13042500814701456FF04FED93763D
:102810001B009DC63A84094A09A86301042C98202C
:102820007D141377F70F631B072A81455A85EF1034
:102830006068E30445FF05476312E53603D70901E5
:10284000B24702C4130A41021384F7FF894C39C806
:10285000BA8D01A8638D0D049420FD1D93F6F60F2B
:10286000B9E6D2855A85EF10E064E30595FF854708
:10287000631AF5321257A247910B135687009356ED
:1028800007018507238EEBFE61833EC4A38ECBFE3A
:10289000238FDBFEA38FEBFEE30D04D47D1403D75F
:1028A00009015DF493761B00C5D6394B55B7A24795
:1028B000894A13D7870093FDF70F1377F70F81B37A
:1028C000239A09026FE01FED3715014063980A0251
:1028D000B715014083A7C580B983858BE39CF4FEBF
:1028E00083A7C580B583858BE396F6FE63DA0BB2CA
:1028F0009C45A183858B6305F7B2E9BF93050580ED
:10290000DC45B983858BE39BF4FEDC45B583858B81
:10291000E396F6FE8327C5C0BD83858BE310F6FEE4
:1029200063D00BB01C45A183858B630BF7AEF9B761
:102930003717014063860A1663170A008327C7808A
:102940008327C780E5BF8327C7808327C780E5BF6C
:1029500093F7090263130A12B715014063D10B0202
:1029600063880A0083A6C5C0BD82858AE31AD6FEA5
:10297000E5FB9445A182858A6304D7AAD5B7B7162B
:10298000014063880A0003A7C6C03D83058BE31A94
:10299000E6FEE5FB6FF0CFA885466FF00FE703DAA0
:1029A0000901094401A863070A0C98207D1A1377CE
:1029B000F70F69E381455E85EF00703DE30585FE15
:1029C00005476318E50AB24702C4130A4102938D12
:1029D000F7FF894B638F0D0403D4090109A8E303B2
:1029E00004B498207D141377F70FE31D07B2D28546
:1029F0006685EF00D039E30475FF85476311F51C48
:102A00001257A247110B13568700935607018507EB
:102A1000230EEBFE6183A30FEBFE3EC4A30ECBFEA1
:102A2000230FDBFE1387FDFF63890D0EBA8DE3953F
:102A30000DFAC2472947B94CE380E7FA2945EF0070
:102A4000207959BFE247E389078883D90901094AF8
:102A500009A8E38309889C20FD1993F7F70FE39DEC
:102A6000078681453945EF10E0442ACAE30345FF54
:102A7000A5B0AA8A014781476DBC63990A06B715BC
:102A8000014003A6C5803582058AE39CC6FEF5FB9E
:102A900063D80B9890452182058A6303C798D5B700
:102AA00063170A008327C7808327C780E5BF832772
:102AB000C7808327C780E5BF094A01A8638D090045
:102AC0009C20FD1993F7F70F99E781453945EF00F1
:102AD000102CE30545FFEE876FF06FC0894A014770
:102AE000814D31BEEE8752456FF06FBF3715014003
:102AF0008325C580B5818589E39CB6FE8325C5C045
:102B0000BD818589E316B6FEE5F763DB0B900C45C6
:102B1000A18185896306B790E1BF13D7870013773A
:102B2000F70F93F7F70F854A29B437170140630170
:102B30000A028327C780B583858BE39CF6FE6381F9
:102B40000A8E8327C7C0BD83858B630BF68CD5B7F0
:102B500063880A8C8327C7C0BD83858B6302F68C8C
:102B6000C5BF02C402CA6FF02FF7014581476FF05D
:102B70000FB7371701408327C780B983858BE39C44
:102B8000F4FE63940A006FF0AF898327C7C0BD834A
:102B9000858B6314F6006FF0AF88F1BFAA8A0147F6
:102BA000814DB1BCA247AA8A13D7870093FDF70FC6
:102BB0001377F70FA9B4AA86014B6FF0EFC3A247B2
:102BC000AA8A13D787001377F70F93F7F70F95B2F9
:102BD000EFD26FE41C219306F0076388D700EFE083
:102BE0003F93AA894E856FD04FE69CA11C31B7094F
:102BF0000200130425009CB1138925009384F7FF7C
:102C00008909EDD3416A7D1AFD5ACA852285EFE014
:102C10003F9013570501B3774501FD14AA993A94E3
:102C20003E99E39454FF4E856FD02FE2EFD24FE0F0
:102C3000B76700209387C7711307400698CB0547F5
:102C400041119AAF85451547114523900700D8C318
:102C50002386070023AA0700238D070002C202C4AF
:102C600002C6EFE0EFE593070010371401407C82C5
:102C7000D1474C00130504803EC68D473EC4EFD0BB
:102C80003FF193070010232AF480130404804101CC
:102C90006FD04FDC1C21416505059CA18280EFD2DD
:102CA0002FD99377F5034111328499E393070004F8
:102CB0001377050455C73717014089662328D78045
:102CC0003713014037660020937305081306C67159
:102CD000A162130E0380916F116F9D44850503C897
:102CE000F5FF83284600BE86938E87FF0145338912
:102CF000F44093771800B1CB232853C0232AEE0168
:102D000046C6B247FD173EC6EDFF832783C0232882
:102D1000FE0146C4B98313F71700A247FD173EC44E
:102D2000EDFF9317770005813307D900FD1613587F
:102D300018005D8D638ED601CDFEB357E500638329
:102D400003001CA041016FD0EFD0232A53C07DB7F0
:102D50006384030008A00504F687E3910EF8DDB74D
:102D6000371701408966232AD78099BF376700202B
:102D70001307C7715043B7170140896623A8D7804E
:102D80009166397123AAD78032CAD247FD173ECA4D
:102D9000EDFFB7170140916623A8D78032C8C2471C
:102DA000FD173EC8EDFFB7170140896623AAD780FB
:102DB000916623AAD78032C6B247FD173EC6EDFF03
:102DC000B7170140916623A8D78032C4A247FD17E8
:102DD0003EC4EDFFB7170140916623AAD78032C2E7
:102DE0009247FD173EC2EDFFB7170140916623A839
:102DF000D78032C08247FD173EC0EDFF383F0DC778
:102E0000B71601409386068011659165CCCA32CE13
:102E1000F247FD173ECEEDFF88CA32CCE247FD17E0
:102E20003ECCEDFF7D177DF337180140FD4681450F
:102E30001305088011639168232A150132D2925735
:102E4000FD173ED2EDFF032788C02328650032D04E
:102E50009357E70013F717008257FD173ED0EDFF99
:102E60009317F701CD8FFD1693D51700F1F6B7171D
:102E70000140096723A8E780116723AAE78032DEB3
:102E8000F257FD173EDEEDFFB717014003A587C0DF
:102E9000116723A8E7803981058932DCE257FD17E5
:102EA0003EDCEDFFB717014011677E0523AAE780DE
:102EB0004D8D32DAD257FD173EDAEDFFB7170140DC
:102EC000116723A8E78032D8C257FD173ED8EDFF1F
:102ED000B7170140096723AAE780116723AAE78093
:102EE00032D6B257FD173ED6EDFFB7170140116736
:102EF00023A8E78032D4A257FD173ED4EDFF21610D
:102F00008280B76500209385C571D841B71701400D
:102F1000896623A8D7809166597123AAD7803ACAB7
:102F2000D247FD173ECAEDFFB7170140916623A8AF
:102F3000D7803AC8C247FD173EC8EDFFB71701401A
:102F4000896623AAD780916623AAD7803AC6B2475A
:102F5000FD173EC6EDFFB7170140916623A8D78045
:102F60003AC4A247FD173EC4EDFFB7170140916672
:102F700023AAD7803AC29247FD173EC2EDFFB7178A
:102F80000140916623A8D7803AC08247FD173EC012
:102F9000EDFFB43D9DC637160140130606809168CB
:102FA0001168232A06013ACEF247FD173ECEEDFF07
:102FB000232816013ACCE247FD173ECCEDFFFD1663
:102FC000EDF2B7170140216623AAC7C0916623AA74
:102FD000D7803ADAD257FD173EDAEDFFB717014036
:102FE000916623A8D7803AD8C257FD173ED8EDFF87
:102FF000B7170140916623AAD7803AD6B257FD177A
:103000003ED6EDFFB7170140916623A8D7803AD48A
:10301000A257FD173ED4EDFFB7170140916623AAD2
:10302000D7803AD29257FD173ED2EDFFB717014035
:10303000916623A8D7803AD08257FD173ED0EDFF86
:1030400037180140FD46216E130608801163916810
:1030500093771500638707122328C8C1232A160116
:103060003ADEF257FD173EDEEDFF232866003ADC1C
:10307000E257FD173EDCEDFFFD160581F1FAB42D98
:10308000B03D85470589918E6383F610B7170140DF
:1030900021667DE923AAC7C0B7170140116623AA9C
:1030A000C780BAC29647FD17BEC2EDFFB7170140F1
:1030B000116623A8C780BAC08647FD17BEC0EDFFC2
:1030C000F91695C63716014013060680116811657A
:1030D00048CABAC6B647FD17BEC6EDFF232806018B
:1030E000BAC4A647FD17BEC4EDFFFD16F5F2B7172B
:1030F0000140896623A8D780916623AAD780BACADF
:10310000D647FD17BECAEDFFB7170140916623A849
:10311000D780BAC8C647FD17BEC8EDFFD841B7175C
:103120000140916623AAD780BAD6B657FD17BED6FE
:10313000EDFFB7170140916623A8D780BAD4A657F0
:10314000FD17BED4EDFFB7170140896623AAD780CB
:10315000916623AAD780BAD29657FD17BED2EDFF4B
:10316000B7170140916623A8D780BAD08657FD17BC
:10317000BED0EDFFB7170140216723A8E7C0656106
:103180008280232AC8C1D9BD23A8C7C031B7B717C9
:103190000140096623A8C780A16605E923AAD7C014
:1031A000B7170140916623AAD780BACEF647FD171C
:1031B000BECEEDFFB7170140916623A8D780BACCE9
:1031C000E647FD17BECCEDFF91BF23A8D7C0C9BF0E
:1031D000376700201307C771343F0C33938786008D
:1031E0008607BA97D22BEDCD371801409307088098
:1031F000896823A817019165CCCB8CCBCCCB8CCB29
:1032000023AA1701CCCB8CCBCCCB8CCBA1652328AC
:10321000B8C0916509C6CCCB8CCB7D166DFEB307CB
:10322000D700DC2FB7150140A168FD1711669DC3BB
:10323000937E1500138E05C01388058063870E08E2
:1032400023A815C123AAC58023A8C580FD17058121
:10325000E5F3343FC106860636975E2B0589638CFD
:10326000072A37170140A166631A0530232AD7C001
:10327000B716014013870680116650CB10CB21662C
:1032800023A8C6C0FD17916689C754CB14CBFD1780
:10329000EDFFB7170140096723A8E780116723AA4C
:1032A000E78023A8E780371701409166232AD7805B
:1032B0002328D7800966232AC780232AD78023287A
:1032C000D780A1672328F7C08280232A1E01232AE2
:1032D000C8002328C800FD170581B9FB343F9DBFF6
:1032E0005C43B7150140096823A8058111681D7169
:1032F00023AA0581BEC08645FD15AEC0EDFDB715FC
:103300000140116823A80581BEC29645FD15AEC2D5
:10331000EDFDB7150140116823AA0581BEC4A6457D
:10332000FD15AEC4EDFDB7150140116823A8058158
:10333000BEC6B645FD15AEC6EDFDB7150140096820
:1033400023AA0581116823AA0581BEC8C645FD15BB
:10335000AEC8EDFDB7150140116823A80581BECAAE
:10336000D645FD15AECAEDFDB7150140116823AA7B
:103370000581BECCE645FD15AECCEDFDB71501408F
:10338000116823A80581BECEF645FD15AECEEDFD34
:1033900037180140A168232818C111631308088059
:1033A00091680DC2232A18013EDCE255FD152EDC82
:1033B000EDFD232868003EDEF255FD152EDEEDFD05
:1033C0007D166DF23306D700502E7D1629C2B71533
:1033D0000140A16813880580116E11639376150072
:1033E000638C061423A815C1232A68003ED8C25650
:1033F000FD1636D8EDFE2328C8013EDAD256FD165A
:1034000036DAEDFE7D16058171FA343F5C43C10664
:1034100086063697562B05893717014063810612B9
:10342000216663130516232AC7C0371701401166AA
:10343000232AC7803ED422577D173AD46DFF371711
:10344000014011662328C7803ED632577D173AD6F1
:103450006DFF37160140A1652328B6C0FD1613067F
:1034600006801165916599CE4CCA3ED002577D17F2
:103470003AD06DFF08CA3ED212577D173AD26DFF7F
:10348000FD16FDF23717014089662328D780916623
:10349000232AD7803ECC62477D173ACC6DFF371781
:1034A000014091662328D7803ECE72477D173ACEE1
:1034B0006DFF371701409166232AD7803EC002472F
:1034C0007D173AC06DFF3717014091662328D780DA
:1034D0003EC212477D173AC26DFF37170140896619
:1034E000232AD7809166232AD7803EC422477D179E
:1034F0003AC46DFF3717014091662328D7803EC636
:10350000B247FD173EC6EDFFB7170140216723A85C
:10351000E7C025618280B7170140896623A8D7805C
:10352000216725E123AAE7C0B7170140116723AA45
:10353000E78023A8E78085BB23AA15C175B5096676
:103540002328C780A16605E9232AD7C03717014081
:103550009166232AD7803EC842477D173AC86DFF3F
:103560003717014091662328D7803ECA52477D17FE
:103570003ACA6DFF3DBF2328D7C0C9BF2328D7C093
:10358000C5B923A8E7C04DB72328C7C079BD3766A2
:1035900000201306C6710348B6011C3242876380BF
:1035A0000712B717014093870780896823A817017E
:1035B0009166D4CB94CB23AA1701D4CB94CBD4CB94
:1035C00094CB63060800D4CB94CB7D176DFF935743
:1035D0001500858B638D0734B7170140216723A839
:1035E000E7C0371701409168232A178193060780A7
:1035F000130707C01C471353250023A81601B583E2
:103600001373130093F82700A167630C033C1CCBD2
:10361000B7170140116E1383078023AAC7819387D0
:1036200007C09447135735002328C301B982058B7F
:10363000858A6305073A216798CBB717014013873E
:1036400007801163232A6700938707C09C47054EB4
:1036500023286700B183918BB3E71701DD8E638266
:10366000C62F89671CCB232A6700232867003717DA
:1036700001409165232AB7802328B7800968232A4F
:103680000781232AB7802328B780A1672328F7C0A2
:103690001375050819C12324060058269307F7FF60
:1036A00001CF37170140130707801166FD5550CB36
:1036B00010CBFD17E39DB7FE13F5F60F82805C4239
:1036C000B7160140896823A816819168717123AAF1
:1036D00016813ECDEA46FD1636CDEDFEB716014009
:1036E000916823A816813ECFFA46FD1636CFEDFE2F
:1036F000B7160140896823AA1681916823AA16810A
:103700003ED18A56FD1636D1EDFEB71601409168BE
:1037100023A816813ED39A56FD1636D3EDFEB71672
:103720000140916823AA16813ED5AA56FD1636D5CA
:10373000EDFEB7160140916823A816813ED7BA5610
:10374000FD1636D7EDFE63080802B71801409388CE
:103750000880116E116323AA68003EC9CA46FD168F
:1037600036C9EDFE23A8C8013ECBDA46FD1636CB9E
:10377000EDFE7D176DF313571500058B630A0724C3
:1037800037170140A1662328D7C03717014091663B
:10379000232AD780BEDC66577D17BADC6DFFB716CB
:1037A000014003A786C0916823A816813983058B41
:1037B000BEDEF658FD18C6DEE39D08FE93562500D2
:1037C000858A1313170037170140638F061EA16601
:1037D0002328D7C0371701409166232AD7803EC1DE
:1037E0008A48FD1846C1E39D08FE3717014083262D
:1037F00087C0916823281781B982858A3EC39A4879
:10380000FD1846C3E39D08FE13573500058B63087A
:10381000072C37170140A168232817C1371701402B
:103820009168232A17813EC5AA48FD1846C5E39D25
:1038300008FEB718014003A788C0116E23A8C881ED
:103840003983058B3EC7BA48FD1846C7E39D08FE7D
:103850000A0733676700D98E05476386E61837176E
:10386000014089652328B7809165232AB780BED897
:1038700046577D17BAD86DFF371701409165232849
:10388000B780BEDA56577D17BADA6DFF3717014099
:103890009165232AB7803EC842477D173AC86DFF1D
:1038A0003717014091652328B7803ECA52477D17DC
:1038B0003ACA6DFF371701408965232AB7809165A1
:1038C000232AB7803ECC62477D173ACC6DFF37176D
:1038D000014091652328B7803ECE72477D173ACECE
:1038E0006DFF37170140A1652328B7C01375050880
:1038F00019C12324060058261306F7FF1DCFB7155C
:1039000001409385058011681165C8C93EC42247EE
:103910007D173AC46DFF23A805013EC632477D17C7
:103920003AC66DFF1307F6FF09CA3A86F9BFB71703
:103930000140216723AAE7C06DB113F5F60F4D6171
:103940008280937725006395072A9841FD473718B1
:103950000140216E9165937F1700130F08C0130378
:10396000088063800F322328C8C1232AB880232807
:10397000B880FD170583E5F33C2E0348B601854565
:10398000058BB3870741638FB73863170730371745
:103990000140A165232AB7C03717014013070780EC
:1039A00091654CCB0CCBF91789C74CCB0CCBFD17D1
:1039B000EDFFB7170140096723A8E780116723AA25
:1039C000E78023A8E78065B1A166232AD7C019B58F
:1039D00037170140A166232AD7C045BB2167D8CB42
:1039E000A9B95CCB35B113772500631007108C4162
:1039F000B71801407D48216E13830880116F916EC6
:103A000013F71500630C072623A8C8C1232AD30186
:103A1000BEC006477D17BAC06DFF2328E301BEC2B2
:103A200016477D17BAC26DFF7D188581E31A08FC21
:103A30000348A6018348B601054785893308184124
:103A40006303E82A37170140639E0524A165232AF2
:103A5000B7C0371701409165232AB7803EDC625713
:103A60007D173ADC6DFF3717014091652328B78039
:103A70003EDE72577D173ADE6DFF9305E8FF9DC568
:103A8000371801401308088011639168232A180130
:103A90003ED842577D173AD86DFF232868003EDA9A
:103AA00052577D173ADA6DFFFD15EDF137170140DA
:103AB00089652328B7809165232AB7803ED4225791
:103AC0007D173AD46DFF3717014091652328B780E1
:103AD0003ED6B257FD173ED6EDFF5C4245BB3717C9
:103AE0000140A168232A17C115BB371F01407D4E35
:103AF0000143930E0F809162916F23AAFE01BED401
:103B0000A658FD18C6D4E39D08FE03278FC023A83E
:103B10005E00BED63983058BB658FD18C6D6E39D28
:103B200008FE7E07336767007D1E13531700E316F8
:103B30000EFC8348A6010547338808416308E81650
:103B4000371701409168232A1781BED08658FD1887
:103B5000C6D0E39D08FEB718014003A788C0116EC8
:103B600023A8C8813983058BBED29658FD18C6D2CA
:103B7000E39D08FE9308E8FF638B0802371E0140AF
:103B8000130E0E80116F916E232ADE01BECC6648A3
:103B90007D18C2CCE31D08FE2328EE01BECE764878
:103BA0007D18C2CEE31D08FEFD18E39F08FC371800
:103BB00001408968232818819168232A1881BEC88A
:103BC00046487D18C2C8E31D08FE371801409168B9
:103BD00023281881BECA56487D18C2CAE31D08FEB4
:103BE000E38605CA7E073367670098C15C4279B9EE
:103BF000FD480143371F0140916F116E232AC70111
:103C0000930E0FC083A78E00FD182328C701B98328
:103C1000FE07B3E7670013D31700E39108FE83485C
:103C2000A601854733880841630FF810232AF7015E
:103C300083A78E0079182328F701B983371701402D
:103C4000858B13070780916863090800232A1701F1
:103C5000232817017D18E31B08FE37170140096868
:103C6000232807811168232A078123280781E380FD
:103C700005A0FE07B3E767009CC1D5BA23AAC8C157
:103C800071B3232ACF01232AB3002328B300FD17E1
:103C90000583E39207CCCDB137170140A1652328F6
:103CA000B7C0DDB9A1652328B7C065B33717014098
:103CB0000968232807811168232A0781BEC4264783
:103CC0007D17BAC46DFF37180140032788C091687B
:103CD000232818813983058BBEC636487D18C2C695
:103CE000E31D08FEF5BD37170140896823281781B9
:103CF000B5C5A1652328B7C0371701409165232AB0
:103D0000B7803ED002577D173AD06DFF371701407C
:103D100091652328B7803ED29257FD173ED2EDFF22
:103D20005C42ADB6B7170140096823A807811DCBD7
:103D3000216723A8E7C0B7170140116723AAE780CE
:103D400023A8E7802DB289671CCB232AF70183A71C
:103D50008E002328F701B983858B11BFA165232A23
:103D6000B7C059BF216723AAE7C0F1B725C5B76718
:103D7000002003A80772B71601401306F5FF411192
:103D80000145014793860680896E116E1163FD58C7
:103D900015CD7D15937717009DC723A8D60123AABB
:103DA000660042C6B247FD173EC6EDFF23A8C60116
:103DB00042C4A247FD173EC4EDFF7D160583E319FB
:103DC00016FD4101828023AAD601D1BF98211D454D
:103DD0008505C9B782809376F503411199E2930670
:103DE0000004B76E0020938ECE719377050803A56B
:103DF0004E00B5C3B718014021488145938808801B
:103E0000116E116323AA68002AC29247FD173EC2B1
:103E1000EDFF83A7880023A8C8012AC0B58313F744
:103E200017008247FD173EC0EDFF8581931777008D
:103E30007D18DD8DFD1663080800E9F6B3D705018E
:103E40001CA2410182800CA20506E5DE03A54E00FE
:103E50008145214845BF138E15009021B7150140BB
:103E6000214793850580096391681168937716004F
:103E70008DCB23A8650023AA05012AC6B247FD17EA
:103E80003EC6EDFF23A815012AC4A247FD173EC474
:103E9000EDFF7D170582FD1601CBC5D69377160081
:103EA000E9FB23AA6500C1BFC9DE03460E00214716
:103EB000050E6DBFB76600209386C6719C321376DF
:103EC0001500638E0716B7170140938707800967AF
:103ED00098CB116823AA070123A807016318064895
:103EE000D8CB3717014011661307078050CB935783
:103EF000150010CB13F6170063080648096610CBAF
:103F00003717014011681307078013562500232A2D
:103F100007012328070113781600B2970966630E7C
:103F2000084610CB3717014011661307078050CBA6
:103F30001358350010CB13761800AA97630C06446B
:103F4000096610CB3717014013070780116650CB65
:103F5000C29710CB858B638C074289671CCBB71740
:103F60000140116723AAE78023A8E780096623AAF6
:103F7000C78023AAE78023A8E78023A8C78023AAB5
:103F8000E78023A8E78003A74780370600FFB7082C
:103F90004000718F23A2E78003A7478003C88601F2
:103FA0009387078033671701D8C33E861167C2879E
:103FB0006306080058CA18CAFD17EDFF37170140FD
:103FC00013070780116650CB8328870010CB50CB96
:103FD0001C4710CB50CB03238700B183898B13532D
:103FE000B3001373430093D8D800B3E7670093F886
:103FF000180010CBB3E717010546638DC74E138E2B
:10400000E7FF137EDEFF930518023A861163630B08
:104010000E46232A660023286600FD15FDF9584246
:10402000B70600FF93F7F70F758F58C25842B706CF
:1040300030013E85558F58C2096718CA8280DC421C
:104040003717014009682328078111683171232A35
:1040500007813EC10A477D173AC16DFF37170140FE
:104060001168232807813EC31A477D173AC36DFFA5
:1040700037170140630B063209662328C7803717BC
:1040800001401166232AC7803EC52A477D173AC5DD
:104090006DFF3717014011662328C7803EC73A4796
:1040A0007D173AC76DFF1357150013761700630885
:1040B000062E37160140096823280681371601406D
:1040C0001168232A06813EC94A467D1632C96DFE13
:1040D000371601401168232806813ECB5A467D16CB
:1040E00032CB6DFE13562500137816003297371623
:1040F0000140630C082C096823280681371601400B
:104100001168232A06813ECD6A467D1632CD6DFEAA
:10411000371601401168232806813ECF7A467D1666
:1041200032CF6DFE13583500137618002A976308B6
:104130000628371601408968232816813716014062
:104140009168232A16813ED10A567D1632D16DFE22
:10415000371601409168232816813ED31A567D16E2
:1041600032D36DFE4297058B630507243717014054
:1041700009662328C780371701401166232AC780A4
:104180003ED52A577D173AD56DFF37170140116686
:104190002328C7803ED73A577D173AD76DFF371788
:1041A00001400966232AC7801166232AC7803ED9A9
:1041B0004A577D173AD96DFF3717014011662328FA
:1041C000C7803EDB5A577D173ADB6DFF371701403A
:1041D00009662328C7801166232AC7803EDD6A57F7
:1041E0007D173ADD6DFF3717014011662328C78020
:1041F0003EDF7A577D173ADF6DFF37170140032600
:104200004780370800FF370340003376060123223A
:10421000C78003284780902E130707803368680003
:1042200023220701BA883288116E116315C223AAAE
:104230006800BEDC66577D17BADC6DFF23A8C80195
:10424000BEDE76577D17BADE6DFF7D18E31108FEDE
:10425000371701401168232A0781BED006577D1702
:10426000BAD06DFF371801400323888011672328D7
:10427000E8801353D30013731300BED216587D1871
:10428000C2D2E31D08FE371701401168232A0781B7
:10429000BED426587D18C2D4E31D08FE371801404D
:1042A000032788809168232818813583058BBED623
:1042B00036587D18C2D6E31D08FE916837180140B4
:1042C000232A1881BED89318170046587D18C2D8E3
:1042D000E31D08FE3718014003278880116E23284C
:1042E000C8813583058BBEDA56587D18C2DAE31DC6
:1042F00008FE0A0733671701336767000548630C38
:1043000007291308E7FF1378D8FF93051602630205
:10431000080C37160140130606801168116548CA5B
:104320003EC4A246FD1636C4EDFE232806013EC655
:10433000B246FD1636C6EDFEFD15F5F1B716014085
:1043400083A74680370600FFF18F23A2F68003A6DD
:1043500046809377F70F37073001518F23A2E6800D
:10436000096723A8E6803E852961828098CB3717AC
:10437000014011661307078050CB9357150010CBEF
:1043800013F61700E31C06B6096650CB95BE896785
:104390005CCBF1B6096650CB75B650CB61B637161B
:1043A00001400968232A068111BB0966232AC780B8
:1043B000F9B1371701400966232AC7806DBB37164C
:1043C00001408968232A168195BB0968232A068142
:1043D00035B303CE9601630C0E28937E25006396B9
:1043E0000E4C63030650B715014093850580916814
:1043F000116823AA05013ECCE246FD1636CCEDFE3F
:1044000023A815013ECEF246FD1636CEEDFE7D16F2
:104410006DF2B716014003A64680B70500FF6D8E0A
:1044200023A2C68003A64680B70530014D8E23A285
:10443000C680630F0E02937E2500639B0E02B715A4
:104440000140938505808966D4C91306100211685E
:104450001165C8C93EC8C246FD1636C8EDFE23A880
:1044600005013ECAD246FD1636CAEDFE7D1675F22E
:10447000B7170140896623A8D7809377F70F3E8549
:10448000296182808C3E638705209378250063969E
:104490000840630E084637170140130707809166EE
:1044A00054CB14CB7D18E31D08FE5443370600FFA0
:1044B00093782500F18E54C3544337063001D18ED2
:1044C00054C385C1639F0800B716014009679386EE
:1044D0000680D8CA116613071002D0CA90CA7D1789
:1044E0006DFF37170140896693F7F70F2328D780B0
:1044F0003E858280937725006396072E9167630738
:1045000008005CCB1CCB7D18E31D08FEB7170140EB
:1045100003A74780370600FFB7083001718F23A239
:10452000E78003A84780130700020146336818019B
:1045300023A207819C4137130140896E916813FEC5
:10454000170013080380630D0E022328D381232A4A
:104550001381232813817D173E9685836DF3058A89
:10456000B71701400967631E063623AAE780B7170D
:104570000140116723AAE78023A8E7808547EDA4BF
:10458000232AD801232A1801232818017D173E96D3
:10459000858355F7E9B713772500631A07101DC601
:1045A000371801401308088011639168232A180105
:1045B000BEC006477D17BAC06DFF23286800BEC283
:1045C00016477D17BAC26DFF7D166DF23716014092
:1045D000130606805842370800FF3703300133774F
:1045E000070158C258421308000281483367670028
:1045F00058C28C410963916E116E13F715002DC7D7
:1046000023286600232AC6013EDC62577D173ADC68
:104610006DFF2328D6013EDE72577D173ADE6DFF0F
:104620007D18AE988581E31A08FC93F818003717B7
:10463000014009666394082A232AC780371701407E
:104640001166232AC7803ED842577D173AD86DFF9E
:104650003717014011662328C7803EDAD257FD176D
:104660003EDAEDFF854705AA232A660061BFE31CF9
:1046700006D6B717014083A64780370600FFF18EA4
:1046800023A2D78083A6478037063001D18E23A28C
:10469000D780F9BBE31108E05443370600FFF18EE1
:1046A00054C3544337063001D18E54C31DBD371354
:1046B0000140130E00028148814E13030380916F65
:1046C000116F232AE301BECC66477D17BACC6DFF7C
:1046D000032783002328F301BECE3583058B76485C
:1046E0007D18C2CEE31D08FE93D818001318F701F9
:1046F0007D1EBA9EB3681801E3150EFC3717014002
:104700001168232A0781BEC846477D17BAC86DFFC6
:1047100037170140032887801163232867801358C7
:10472000D80013781800BECA56477D17BACA6DFF65
:10473000B3C70E01858BFD17E59BA10781C523A09B
:104740001501902E0DCA03A84600B71501409385A8
:1047500005801163916823AA1501C2C426477D17FD
:10476000BAC46DFF23A86500C2C636477D17BAC616
:104770006DFF7D166DF23717014003264780B705A0
:1047800000FF6D8E2322C78003264780B7053001C6
:104790004D8E2322C7801375050819C123A4060076
:1047A000D0260DCACC42B716014093860680096711
:1047B000D8CA11681165C8CA2ED422577D173AD4B9
:1047C0006DFF23A806012ED632577D173AD66DFF0E
:1047D0007D1675F23717014089662328D7803E85FC
:1047E000296182809308000201460143116F116E16
:1047F000232AC7011C4705822328C701B583858B5F
:10480000939EF701FD183E9333E6CE00E39208FE37
:10481000232AE7011C472328E701B583B347F300A8
:10482000858BFD17E59BA10781C590C103C8860153
:10483000371701401307078011666307080050CB44
:1048400010CB7D18E31D08FE371701400326478073
:10485000B70500FF6D8E2322C78003264780B7056A
:1048600030014D8E2322C7801375050819C123A47A
:104870000600D82601CFB716014009669386068048
:10488000D0CA1166D0CA90CA7D176DFF3717014094
:1048900089662328D7803E858280930610021166A0
:1048A00050CB10CBFD16EDFEEDB637180140930549
:1048B00010021308088011639168232A18013ED062
:1048C0008256FD1636D0EDFE232868003ED2925661
:1048D000FD1636D2EDFEFD15EDF121B62328C78079
:1048E000B1BB23A8E78061B1B716014003A646809B
:1048F000B70500FF6D8E23A2C68003A64680B705CC
:1049000030014D8E23A2C680E3940EB60DBE37173C
:10491000014083264780370600FFF18E2322D7808F
:104920008326478037063001D18E2322D780E39A31
:1049300008BA59BEEFB2DF8F41112E892AC613047F
:104940004006894411A03DC06C0015457D14EFF070
:104950006FD61374F40FE30895FE85476318F504CA
:104960004AC613044006894411A029C06C0035458D
:104970007D14EFF02FD41374F40FE30895FE8547F0
:104980006316F50213044006894411A005C0814551
:1049900039457D14EFF00FD21374F40FE30895FE40
:1049A0007D151335150041016FB0DF8A01454101C6
:1049B0006FB05F8AEFB23F86B76900209389894E56
:1049C00083A7090041112A8A9DCB02C61304400621
:1049D0006400094911A009CCA68521457D14EFF09A
:1049E0006FCD1374F40FE30825FF85476307F500C7
:1049F00081473E8541016FB05F8523A0090003A771
:104A000049008547E30747FF23A2490152C6130423
:104A100040066400094911A061DCA68505457D14A6
:104A2000EFF04FC91374F40FE30825FF05478147E2
:104A3000E311E5FC13044006894411A055D88145D3
:104A400039457D14EFF00FC71374F40FE30895FE9A
:104A50007D15933715003E8541016FB00FFFEFB212
:104A60002FFD3705002337F400E0130525058324C7
:104A7000C4D0893711C9B705FA0593F404709105BC
:104A8000C58D1305C4D07D356FB0CFFCEFB24FFAA2
:104A9000EFB03F8E37370240A3000740C146A30066
:104AA000D74023000740930690022300D740FD56CD
:104AB0002305D74023010740930630022301D74046
:104AC000FD562328D740232A0740232C074083473D
:104AD0000740014593E707012300F7406FB08FF7C8
:104AE00009E5B7370240A3810740B76700209387E5
:104AF000077788A7014582801C2103582500834839
:104B000015009396870113F7F707E186931727009F
:104B100063CF0604B386E70093952600B7660020AE
:104B200093860677AE968545238716152388B61497
:104B30003736024003230641854541073397E50098
:104B40002396061593080640336767001306B64D93
:104B500023A8E8003E961307200218A23621373713
:104B6000024013078749BA9796A301458280B3860E
:104B7000E70093952600B766002093860677AE96E9
:104B80008545238716018CAA373602400323064148
:104B900085453397E5002396060193080640336761
:104BA00067001306A64D23A8E8003E9613072002CF
:104BB00018A236213737024013078749BA9796A3C0
:104BC000014582800145828093178501E187137535
:104BD000F50763C6070209CDB73702409387B74D83
:104BE0000A053E951C2193E737001CA101458280F0
:104BF000B73702400D47A38DE74C0145828001E99C
:104C0000B73702400D47238DE74C01458280B73707
:104C100002409387A74D0A053E951C2193E7370074
:104C20001CA1014582809377F507620561858A079B
:104C300037370240634905001307B74DBA97238001
:104C40000700014582801307A74DBA97094798A32B
:104C5000014582801375F507C9C913172500B307ED
:104C6000A700B7660020938606778A07B69703C821
:104C70000701630D080CCCCB90CF23AE070031C1E8
:104C8000B73602409386864DBA967D1535E223905D
:104C90000600B73702409387A74D3E97B7670020BD
:104CA000938707763E951C23142193F7470E93F6BE
:104CB000F60F99C293E7870093F7F70F1CA30145FE
:104CC000828021E6B7370240239C074CB76700205B
:104CD00083C7174F37370240014593F7F70FB337B4
:104CE000F0008E07230DF74C828025DA7D558280F7
:104CF000DE276362F604C207C1839EA2B737024073
:104D000093878745BA978CC369B7DE26636BF60035
:104D1000C20737370240C183231CF74C232EB7400C
:104D200075B7B287C20737370240C183231CF74CDF
:104D3000232EB74061BFB287C207C1839EA2B73797
:104D4000024093878745BA978CC3A1B77955828073
:104D50001375F507B5CD93172500AA97139727006C
:104D6000B767002093870777BA9703C7071551CF16
:104D700013F735002E8841EF23AAB71423ACC714CC
:104D800023AE071405C5373702409307F5FF8A079E
:104D900093060742BE961307F74D23A00601BA9764
:104DA000982301451377C70F98A3828021CA37370C
:104DB0000240232EB740B767002083C7074F014545
:104DC00093F7F70FB337F0008E07A30DF74C8280EF
:104DD00029E293172500AA9713972700B7670020A9
:104DE00093870777BA9703C7071505C323AA071444
:104DF00023AC071423AE0714014851F5B73702401E
:104E00002147A38DE74C01458280795582807555F5
:104E100082807D5582804111B737024022C626C468
:104E20004AC21384074038241377F70F937627007C
:104E3000DDC22834383489463D8911830D8B6308DF
:104E4000D71E2DEF630805303834137707043DC7AC
:104E5000131325001386B74D1A9614223307A300A7
:104E600093F6C60F93E6260014A293162700376721
:104E70000020130707773697562483284715832584
:104E8000C71503288715C206C182035EC714B698EA
:104E9000B6953308D840232A1715232EB714232C90
:104EA000071563E0C633630E08309387C7413E930E
:104EB000232013011C2293F7C70F1CA2B73702400F
:104EC00009472385E740938707403244A2441249AB
:104ED00041017300203093760702639E061A058B0A
:104EE0006DD74167050718C8231C040C0947230D1B
:104EF000E40C0549B7660020A388264F37670020D9
:104F00002308274F239E074C13072002238FE74CCB
:104F1000B7660020A38FE74C9386067623800600B1
:104F20002390074E2381E74EA381E74EA38006001E
:104F30002392074E2383E74EA383E74E2381060087
:104F40002394074E2385E74EA385E74EA3810600F1
:104F50002396074E2387E74EA387E74E238206005A
:104F60002398074E2389E74EA389E74EA3820600C4
:104F7000239A074E238BE74EA38BE74E238306002D
:104F8000239C074E238DE74EA38DE74EA383060097
:104F9000239E074E238FE74EA38FE74E2384060000
:104FA000239007502381E750A381E750A384060094
:104FB000239207502383E750A383E75023850600FD
:104FC000239407502385E750A385E750A385060067
:104FD000239607502387E750A387E75023860600D0
:104FE000239807502389E750A389E750A38606003A
:104FF000239A0750238BE75037680020A38BE75094
:105000001306C02881451305087793040877238782
:105010000600EFB0EFA4992944CCA30D040C23059E
:1050200024013244A244124941017300203059E165
:1050300037640020130404771C4C5624B764002006
:10504000584C9384144F63ECF6143E9785479CA00C
:1050500081471CCCBA851305000858CC09261C24AE
:1050600093F7F70F91CB1824B73702401377F70F58
:10507000A381E740230404007E2089C7830704003E
:10508000E3CE07E2B737024023AE8740A38D074C3B
:1050900085479CA025B53765002013050577EF00EF
:1050A000B057930700023CA43244A2441249410184
:1050B00073002030931825001388A74D4698834627
:1050C00008003387A8001316270093F6460E3767AB
:1050D000002093E62600130707772300D8003297B5
:1050E000104F5627930EF5FF63FFC60CB7650020DF
:1050F00093850576338FD501484B032EC7010343B3
:105100000F003695158E369E134313009387874DF7
:1051100048CB10CF232EC70123006F00C6976367CB
:10512000D608C206C18296A3B73702409387874547
:10513000C69788C3F69583470800982193F7470ED2
:105140001377F70F19C393E7870093F7F70F23003F
:10515000F800ADB30359C400B7640020938404770A
:1051600083A7C41503A78415420913590901CA97D7
:1051700033072741BE8523AEF41423ACE41419246D
:105180006318090244CCA30D040C8547B7660020C0
:10519000376700202388F64EA308F74E05B390200A
:1051A000958F36979346160094A065B5B28695BF45
:1051B000B76700209387074F98231347170098A3DA
:1051C000F5B9C922E5B9B767002093870776544F30
:1051D000BE9E83C70E003696B28593C7170013652F
:1051E000050850CF232C07002380FE008D2AF9B13B
:1051F000375700001307E72018C123220500232496
:105200000500232605008280828082808280EFB2A2
:105210002F821C311307100201112E89442163874C
:10522000E7042A846370F70213072002638DE70AFC
:10523000130730026392E7082685C93F01450561DF
:105240006FB04F81130700026398E7067C3170212D
:105250008C41A2075D8E2808EF1090622C082685ED
:10526000EF10903E014505616FA0DFFE2C082685FA
:1052700032C6EF107042832709000345B10183480D
:1052800091010348A1018345C1018346D101034730
:10529000E101034381013246A8B323806700A38064
:1052A000170123810701CCA3D4B3F8A39D471CC2E7
:1052B000014505616FA01FFA37950000130585842D
:1052C000EF1030670C303795000013058585EF101F
:1052D00050663795000013050588EF1090657D55E1
:1052E00005616FA03FF72C313C2126851394850082
:1052F0005D8C93751400093F9355140026858589AC
:105300002937014505616FA0FFF4EFA27FF2938773
:1053100001859847D0472E970D8E98C7D0C70DEAC4
:10532000D82B09EFFA231DC38387070063D0070238
:10533000014681450145EFF0BFA109A8014681451D
:1053400013050008238A0700EFF0DF906FA09FF09D
:10535000BA8513050008EFF0FF8F6FA0BFEF13773A
:10536000F50793171700BA971397270093870185BE
:10537000BA9783A7871591C7EFA29FEB82976FA07B
:105380007FED82801377F50793171700BA9713976D
:10539000270093870185BA9783A7871B91C7EFA240
:1053A0003FE982976FA01FEB8280EFA27FE8AA847B
:1053B00013060021814513850185EFA07FEA138440
:1053C0000185930700F82308F414B757000093876A
:1053D000A730232CF414B75700009387274D04CC33
:1053E000232CF41A6FA01FE723A8A186828023AA8A
:1053F000A18682809387018503C7C714930687041B
:105400008A0618ADBE960507C8C62386E7148280B3
:105410001C215041139787016187634F0700139741
:1054200017003E97931627001387018536972308A8
:10543000F71A232CC71A828093F6F70713971600E2
:105440003697931627001387018536972308F7149C
:10545000232CC714828003C581973335A000828036
:10546000EFA21FDDEFF08FE26FA0DFDEEFA25FDCC7
:1054700041110145EFF0CFE6B707400093870708D9
:105480009384018528003EC423840412EFF0CFE604
:10549000280023040100EFF02FE603C7C41405C75A
:1054A0000144930784048A07A697DC478145054594
:1054B00091C7DC4781C7829703C7C41405041374DE
:1054C000F40FE360E4FE0545EF10806541016FA035
:1054D0007FD885C5EFA2DFD2138401851C445044D8
:1054E0000111AE970D8E1CC450C409CABE8501457A
:1054F000EFF01F8605616FA07FD482801C2013050A
:10550000840208C413F70706930600026302D7104B
:10551000930600046308D70035CB13050008EFF0AD
:10552000AFEAC9BF5C4C6382072A1830DC236307EB
:10553000F74C0347C4148144130A040193098400FF
:105540001DC7938784048A07A297DC4781CF9C47B5
:1055500091CB5286CE851385018582976301052400
:105560000347C414850493F4F40FE3ECE4FCB7940C
:1055700000003799000013050998EF10903B37950C
:1055800000001305C5AAEF10104C3DAA8D8B0547EE
:105590006384E728638E072089466393D702834795
:1055A000841299CF1C304420638BE7506386072E0A
:1055B0000D476397E7003E206380074023280400DF
:1055C000B7990000B79400003799000013050998B7
:1055D000EF103036379500001305C59BEF10B0462D
:1055E00013850488EF10F0341385898DEF10703423
:1055F0007E205A20362010300C20379500001305ED
:10560000459DEF10103313850488EF10903231B7A9
:105610008D8B05476383E70C09476399E7080347C8
:10562000C41449C78327C41281C7DC43639007169B
:10563000854763FDE7068327041381C7DC4363972F
:10564000071489476304F7068327441381C7DC43A3
:10565000639E07128D47630BF7048327841381C76A
:10566000DC436395071291476302F7048327C41351
:1056700081C7DC43639C071095476309F7028327C2
:10568000041481C7DC436393071099476300F70252
:105690008327441481C7DC43639A070E9D47630741
:1056A000F7008327841499C3DC43EDE337950000AA
:1056B00013050598EF10F02737950000130545A353
:1056C000EF107038B794000013850488EF1070262F
:1056D000379500001305858D11BF0347C41479D792
:1056E0000326C412542011C61C4281C7102E638F9A
:1056F000C6088547E3FCE7FA0326041311C61C42DB
:1057000081C7102E6384C6088947E301F7FA032690
:10571000441311C61C4281C7102E6309D6068D475B
:10572000E306F7F80326841311C61C4281C7102E26
:10573000630ED6049147E30BF7F60326C41311C694
:105740001C4281C7102E6383C6049547E300F7F619
:105750000326041411C61C4281C7102E6388C6029A
:105760009947E305F7F40326441411C61C4281C788
:10577000102E638DC6009D47E30AF7F203278414B9
:1057800015D71C4385D7182FE312D7F2130604014F
:1057900093058400138501858297E34905F001464E
:1057A000814513050008EFF0EFCA05616FA01FA93E
:1057B0001430A5472620E3E5D7E025679397260018
:1057C00013078788BA979C4382871C50E38307D6C8
:1057D0001830FC23E31FF7D45A209D476317F722A4
:1057E000379500001305858DEF10B0143795000034
:1057F000130505A9EF10302537950000130505881E
:10580000EF1030131C500844D2238C43EF10500784
:105810001C50DE231CC861B783478412E38207DA79
:105820001C3019473620034A44006384E72C637315
:10583000F7062947638CE73A2D47E393E7D8032916
:10584000840193F9F60F83440900638C0450814C62
:10585000130DF00F930DF00F114B954A379C00007C
:10586000B79B000011A8639457016305BA3D2699C0
:1058700083440900638E043E83471900E39567FF64
:10588000834D2900034D3900E313BAFFE391A9FFCB
:10589000CA8CF1BFE39607D28947231404021CC8BF
:1058A000FDBD93D984008D4793F8F90F93F4F40F5D
:1058B0006380F940BD476380F94E9387C8FF93F733
:1058C000F70F0547E37EF7CE9D47E3EB17CF0C4C70
:1058D000982111E7FDA9BA959821630C074E9431E0
:1058E000E39B16FF6384C4460506F5B713F5F40F72
:1058F000EFF00F9F232804005DB5930784121CC4AA
:1059000085471CC869BD85476381F40E23280400C0
:1059100079B50329840193F9F40F83440900E38FD7
:1059200004C80145130DF00F930BF00F114B954A6E
:10593000B79D0000B79C0000379C0000094A01A8F1
:10594000638947172699834409006386042A83479D
:105950001900638D6715E39557FFE39579FFE3130E
:105960000DFE8347290013858D8D230CF10083479D
:10597000590003474900A207D98F93F7F77FFC85A9
:10598000834739008D8BA30CF100EF10807AB4852A
:10599000034691018345810113858C92EF10607954
:1059A00013050C88EF10E0782808EFF0EF9413351A
:1059B00015008344090079B7379500001305059851
:1059C000EF10207737950000A6851305859AEF1014
:1059D00040763795000013050588EF108075268501
:1059E000EFF08F9E232804005DBB8D47638BF6404C
:1059F0002945EF10E0122328040055B35E2011471B
:105A00006380E70815476385E702379900001305AF
:105A10000998EF10007237950000130585A7EF1065
:105A20009002B794000013850488EF108070A1B62F
:105A3000379500001305858DEF10A06F3795000096
:105A40001305C5A5EF103000379500001305058834
:105A5000EF10206E5C4C3A200844DC470A07BA97E6
:105A60008C4384319421B821BC31A204B6944207FE
:105A7000BA94E207BE942686EF10806004C805B38E
:105A8000379500001305858DEF10A06A379500004B
:105A90001305C5A4EF10207B37950000130505887A
:105AA000EF1020695C4C08448C4765BF034D3900FA
:105AB00051BD834B5900E39779E9054561B53E2017
:105AC000E39E07AE3795000013050598EF1060665A
:105AD00037950000A68513050599EF108065379569
:105AE000000013050588EF10C0642685EFF0AF9322
:105AF0007DB1A18293072002B7990000E394F6AC30
:105B00001385898DEF10E0623795000013058594A9
:105B1000EF106073B794000013850488EF10606184
:105B20008347C414E38207AA832AC41263860A0047
:105B300003C78A016301470B0547E377F7A8832A68
:105B4000041363860A0003C78A01630647090947ED
:105B5000E38CE7A6832A441363860A0003C78A01FD
:105B6000630B47070D47E381E7A6832A8413638607
:105B70000A0003C78A01630047071147E386E7A4C9
:105B8000832AC41363860A0003C78A016305470595
:105B90001547E38BE7A2832A041463860A0003C730
:105BA0008A01630A47031947E380E7A2832A441462
:105BB00063860A0003C78A01630F47011D47E38517
:105BC000E7A0832A8414E3810AA083C78A01379956
:105BD0000000E39D479F03A64A0183A50A010844EC
:105BE000EF10004A83A74A011CC855BE854723040D
:105BF00004021CC86DB6E303059C0347C4142304C8
:105C000034131DC3938784048A07A297DC4781CB92
:105C1000DC4791C781451D4582970347C41485041D
:105C200093F4F40FE3E0E4FE1D45EF00706F2328CA
:105C30000400B5B66381A90D0346390013058C8DA8
:105C4000834429000D8A32C6EF10A04E3246B79722
:105C50000000A68513854796EF10A04D13850B888D
:105C6000EF10204D2685EFE0FFF58344090001B1D8
:105C70000347C414E30C07C863890C0E938784049C
:105C80008A07A297DC4789CFD44799CA03C62C005C
:105C90009C2F6317F600E685214582960347C414BE
:105CA000850493F4F40FE3EBE4FC23280400C5BC63
:105CB0009307E00EE39DF4C0B79900001385898D2A
:105CC000EF102047379500001305858EEF10A05781
:105CD000B794000013850488EF10A0455C4CE38561
:105CE000078E8C4308449021EF1080395C4C9C4314
:105CF0009C231CC86DB483472900834639001305D3
:105D00008C8D230CF10083475900034649008D8A8E
:105D1000A207D18F93F7F77FFC85A30CD100EF107A
:105D20004041B4850346910183458101B797000046
:105D300013858792EF10E03F13850B88EF10603FCB
:105D40002808EFE07FDB8344090015B689466380AD
:105D5000D80C9D46638DD80A3A8618C8EF10403299
:105D60003DBC0347C414E30307BA8144938784040A
:105D70008A07A297DC4781CBDC4791C78145214543
:105D800082970347C414850493F4F40FE3E0E4FE20
:105D90002328040029B4B79900001385898DEF10DA
:105DA0004039379500001305C590EF10C049B794EE
:105DB000000013850488EF10C0375C50E38607802D
:105DC000D0438C430844EF10A02B5C50DC431CC82C
:105DD000F9B23799000013050998EF10803537950F
:105DE00000002686CE85130545ACEF108034B794AD
:105DF000000013850488EF10C033B79900006FF0DE
:105E0000EFFC2545EF00D0512328040049BAB831F2
:105E1000B4212207558F89B7EFA28FBE703103439B
:105E20006500138401855C31834805000348150033
:105E30002C21343158212303640070B072205CB0EF
:105E400023001401A30004012CA034B058A0930730
:105E50000010011163F3C7041C20139787016187A9
:105E60006353070613058402B28408C450C410C8E3
:105E7000230A040013F7070693060002630ED706F1
:105E8000930600046306D7286306072E130500084F
:105E9000EFE09FD305616FA06FBA1305840208C4B9
:105EA00050C410C8230A0400B2841C2061D6139782
:105EB00087016187E34007FCAA850145EFE05FE9C0
:105EC00005616FA0AFB73795000013050598EF1077
:105ED000402637950000130585AFEF10C036379583
:105EE000000013050588EF10C02413050008EFE03B
:105EF000BFCD05616FA08FB48D8B05476385E70E1D
:105F00000947639AE7080347C41451C78327C4129B
:105F100081C7DC4363940718854763FEE706832740
:105F2000041381C7DC43639B071689476305F706A3
:105F30008327441381C7DC43639207168D47630CA4
:105F4000F7048327841381C7DC43639907149147BF
:105F50006303F7048327C41381C7DC4363900714EA
:105F60009547630AF7028327041481C7DC436397CC
:105F7000071299476301F7028327441481C7DC4362
:105F8000639E07109D476308F7008327841481C729
:105F9000DC43639507103795000013050598EF1053
:105FA000401937950000130545A3EF10C029B79499
:105FB000000013850488EF10C01737950000130503
:105FC000858DEF1000177E205A20362010300C20CF
:105FD000379500001305459DEF10A0151385048823
:105FE000EF10201565B50347C41455D70326C41216
:105FF000542011C61C4281C7102E6381C60A8547F2
:10600000E3FBE7F80326041311C61C4281C7102ED8
:106010006386C6088947E300F7F80326441311C6D0
:106020001C4281C7102E630BD6068D47E305F7F699
:106030000326841311C61C4281C7102E6300D606A6
:106040009147E30AF7F40326C41311C61C4281C723
:10605000102E6305D6049547E30FF7F203260414C8
:1060600011C61C4281C7102E630AD6029947E30469
:10607000F7F20326441411C61C4281C7102E638F09
:10608000C6009D47E309F7F003278414E30507F0F2
:106090001C43E38207F0182FE31FD7EE1306040119
:1060A00093058400138501858297E34605EE032955
:1060B000040166202686637399004A8650C49307BC
:1060C000001063E2C7020C4413050008EFE09FB81C
:1060D0001C487A20E3F0E7DC93F7F703E39C07DA48
:1060E00085475CA845BB3795000013050598EF1060
:1060F000400437950000130585AFEF10C0143795A5
:10610000000013050588EF10C00205616FA00F9312
:106110005C4CF1CB1830DC236305F7300347C41423
:106120008144130A04019309840015C793878404EA
:106130008A07A297DC4799CB9C4789CB5286CE85AC
:1061400013850185829725D50347C414850493F4EC
:10615000F40FE3EDE4FC37990000B7940000130559
:106160000998EF00107D379500001305C5AAEF10C0
:10617000800D81B58D8B05476385E722D5CF894694
:10618000639CD7028346841285CA143003494400B5
:106190006382E636638B06348D47639FF6003E20AC
:1061A000638807542328040037990000B79400003F
:1061B000B799000001A859CF37990000B7940000A3
:1061C000B799000013050998EF00B07637950000E5
:1061D0001305C59BEF10200713850488EF00707529
:1061E0001385898DF9BB1C5095DB1830FC23E31710
:1061F000F7F25A209D47631DF722379500001305DB
:10620000858DEF00107337950000130505A9EF1079
:1062100080033795000013050588EF0090711C502E
:106220000844D2238C43EF00B0651C50662003D98C
:10623000470023282401BDBD1430A54783592400FD
:10624000E3ECD7F62567939726001307078BBA97D9
:106250009C4382878947231404021CC8268663F363
:1062600097003E8650C485B50329840193F9F90F40
:106270008344090085D80145130CF00F930BF00FF0
:10628000114B954AB79D0000379D0000B79C000058
:10629000094A01A863854725269983440900638C30
:1062A00004388347190063896723E39557FFE39513
:1062B00079FFE3130CFE8347290013858D8D230C92
:1062C000F1008347590003474900A207D98F93F78C
:1062D000F77FFC85834739008D8BA30CF100EF001D
:1062E0005065B485034691018345810113058D9264
:1062F000EF00306413850C88EF00B0632808EFE0EE
:10630000AFFF133515008344090079B79307841252
:106310001CC485471CC899B713DA89008D4793764A
:10632000FA0F93F9F90F630CFA3EBD476301FA4E79
:106330009387C6FF93F7F70F0547E37FF7E69D477F
:10634000E3ECD7E60C4C03C90500630A095001468B
:1063500031A0CA9503C90500630309509831E31AB7
:10636000D7FE638EC9440506EDB713F5F90FEFE0CC
:106370002FF70C4423280400232604000146A9B368
:106380008547AA856385F90023280400F5B78D4762
:10639000638EF64E2945EF00A0780C4423280400B4
:1063A000E1BF03478412E30907E018309946322021
:1063B000034A4400630DD716E3FFE6DEA9466307F0
:1063C000D726AD47E31AF7DE03298401937BF60F46
:1063D0008344090063820440014D930DF00F130BB9
:1063E000F00F914A954937970000379C0000B79C01
:1063F000000011A863943701630E6A27269983442D
:1064000009006387042A83471900E39557FF034B6C
:106410002900834D3900E3136AFFE391BBFF4A8DE6
:10642000F1BF5E2011476388E7021547638CE706DA
:106430003799000013050998EF00B04F3795000019
:10644000130585A7EF003060B7940000138504881A
:10645000EF00304E29B3379500001305858DEF000E
:10646000504D379500001305C5A4EF00D05D37955A
:10647000000013050588EF00D04B5C4C08448C47A6
:1064800003C915009421B821BC312209369942076D
:106490003A99E2073E994A86EF00903E232824016C
:1064A000662009B9379500001305858DEF00704807
:1064B000379500001305C5A5EF00F058379500008B
:1064C00013050588EF00F0465C4C3A200844DC4791
:1064D0000A07BA978C436DB7034C390075BB834BE1
:1064E0005900E39B79DB054545BB1CC82314040216
:1064F0008947ADB33E20E39707CA379500001305DF
:106500000598EF00104337950000CA8513050599DB
:10651000EF0030423795000013050588EF00704109
:106520004A85EFE04FF003290401662061B621821D
:1065300093072002E312F6C8B79900001385898DEE
:10654000EF00303F3795000013058594EF00B04F02
:10655000B794000013850488EF00B03D8347C4144E
:106560006384072A832AC41263860A0003C78A0148
:106570006301470B05476379F728832A0413638671
:106580000A0003C78A01630647090947638EE726A5
:10659000832A441363860A0003C78A01630B4707F3
:1065A0000D476383E726832A841363860A0003C7A3
:1065B0008A016300470711476388E724832AC413CD
:1065C00063860A0003C78A01630547051547638D83
:1065D000E722832A041463860A0003C78A01630A38
:1065E000470319476382E722832A441463860A001B
:1065F00003C78A01630F47011D476387E720832A8A
:10660000841463830A2083C78A0137990000E39BBF
:1066100047BB03A64A0183A50A010844EF005026A0
:1066200003A94A0166202328240169B41CC8230455
:106630000402854725B1E30705B60347C4142304C4
:1066400034131DC3938784048A07A297DC4781CB48
:10665000DC4791C781451D4582970347C4148504D3
:1066600093F4F40FE3E0E4FE1D455D290C44232878
:10667000040019B36388BB0F034639001305878DE7
:10668000834429000D8A32C6EF00B02A3246A6851F
:1066900013854C96EF00F02913050C88EF00702944
:1066A0002685EFE02FD23797000083440900B9B365
:1066B0000347C41415CB63050D12938784048A071E
:1066C000A297DC4789CFD44799CA03462D009C2F57
:1066D0006317F600EA85214582960347C4148504B2
:1066E00093F4F40FE3EBE4FC232804000C4469B1B9
:1066F0003795000013050598EF00B023379500008B
:10670000CA851305859AEF00D0223795000013053E
:106710000588EF0010224A85EFE00FCBF1B7930711
:10672000E00EE391F9C2B79900001385898DEF005F
:106730005020379500001305858EEF00D030B794B8
:10674000000013850488EF00D01E5C4CD5CF8C432D
:1067500008449021EF00D0125C4C66209C439C239F
:106760001CC8EDBC83472900834639001305878D7B
:10677000230CF10083475900034649008D8AA20784
:10678000D18F93F7F77FFC85A30CD100EF00701A2F
:10679000B4850346910183458101B79700001385B5
:1067A0008792EF00101913050C88EF009018280845
:1067B000EFE08FB4379700008344090081B10947A7
:1067C0006388E6081D476385E6084A862328240176
:1067D000EF00100B6FF01F8E0347C414E30607F0A1
:1067E0008144938784048A07A297DC4781CBDC47E6
:1067F00091C78145214582970347C414850493F4CA
:10680000F40FE3E0E4FECDB53799000065BAB7991F
:1068100000001385898DEF00D01137950000130516
:10682000C590EF005022B794000013850488EF0054
:1068300050105C50F1DBD0438C430844EF0050040F
:106840005C50662003A94700232824016FF09F862F
:1068500003C93500B82122093369E900BDB737996A
:10686000000013050998EF00D00C379500004E8604
:10687000D285130545ACEF00D00BB794000013850B
:106880000488EF00100BB79900002DBA2545492C5C
:106890000C4423280400CDB40DC185C1854763FE97
:1068A000C7009307F6FF7D8E09EA23200500232207
:1068B00005001CC54CC5014582807D5582801C4168
:1068C0005CC18280184148413305A74082801C4545
:1068D00058410841BA9785073385A7408280EF92D7
:1068E0009F93044540412A89084126940504098C58
:1068F000AE89637386003284658D8504898C6373E9
:106900009400A2848327C9002686CE853E95EF0099
:1069100020770325C90033069440B3859900EF0022
:1069200020768327090022853E94232089006F90DA
:10693000DF91584114411C454111998E36C27D8F1B
:106940003AC42247998F85073EC63247924763F380
:10695000E70292473EC6B247484599C7B247224729
:106960009CC13A954101828092473247998F9CC1E0
:1069700041018280B247F9BF58411C41998F63F3AE
:10698000F500AE873E9758C13E858280B7670020EC
:106990009387874F9A23B75600209386064E260783
:1069A000369710231D476304E6069A232146050700
:1069B000420741839AA39A23630CE60237670020BB
:1069C0001307274F122305064206418212A337669A
:1069D00000201A238355464F21460D8F42074183DD
:1069E000631BC700B76700200547238BE74E8280F3
:1069F00023900700E1B7EF92BF838E231306002098
:106A00000545A605B695EFE0AFB46F90BF84376734
:106A100000200546A303C74E376700201307274F02
:106A20007DB7EF92FF8037640020B7670020130422
:106A3000E44F03D7C74F1E20C207C1836399E70005
:106A4000B767002005472380E7506F90BF80B76489
:106A50000020938444508E209E2013051008139725
:106A60001700B77700209387C79FBA979223939711
:106A70009500B74500209385054EBE95EFE08F9DAC
:106A80009E2021478507C207C1839EA09E206314D4
:106A9000F700239004001E208507C207C1831EA0B3
:106AA0006F904FFBEF92CFF8377400202E861305BE
:106AB00084A3938501A6EFF09FE2130584A3EFF072
:106AC0001FE19307F01F63E9A700B76700200547A0
:106AD0002388E7506F900FF813060020938501A6D6
:106AE0000945EFE0EFA66F90EFF6EF926FF4377580
:106AF0000020130585A22E8441359377F41F91E37E
:106B000001E8B76700200547A388E7506F908FF42E
:106B10000146814513052008EFE0CF936F908FF376
:106B20008547630EF5029D47631AF502EF924FF019
:106B3000B7550020B7670020130600209385054E47
:106B40000545238B074EEFE0AFA013060020938589
:106B500001A60945EFE0CF9F6F90CFEF82803767A6
:106B6000002023080750B7670020A3880750376725
:106B70000020B7670020A3070750A3830750828037
:106B8000EF920FEBB725002037750020096693853B
:106B9000054E130585A2EFF03FD0B70500203775ED
:106BA000002009669385054E130585A3EFF0DFCE1F
:106BB000EFC0CF8737670020231C074EB767002040
:106BC000239D074E376700202319074EB767002023
:106BD000239A074EB76600208547238BF64E37670A
:106BE000002023110750B766002023920650376714
:106BF0000020B7660020231E074E2565376700205A
:106C0000239F064E130545BE2300F750EFE0EFF932
:106C10001385C180EFE0AFFD13854183EFE0CFFC2A
:106C2000377500201305C5A0EFE0CFFC1385C182A6
:106C3000EFE00FFE13854182EFE08FFD37750020F6
:106C4000130585A4EFE0CFDAEFE0CFFA3775002027
:106C5000130545A6EFE0CFD9EFE0CFF91385C18149
:106C6000EFE00FFB13854181EFE08FFAEFE04FFF7C
:106C70006F904FDEEF92CFD837690020376E00203B
:106C80001309294F130B4E4F0357090083570B006D
:106C90004111C207C183638EE718B76700203754DC
:106CA000002037630020B7680020B74A0020377AF9
:106CB00000209387674FB7640020B7690020930BCB
:106CC000A34F130D044E138C2850938A0A4E130AB7
:106CD000CA9F3EC69384C44F93890950930CE00722
:106CE000A14D03D70B00B76700201386874F4207DB
:106CF000418393179700B306FD0094229305F00794
:106D0000639F9601EA9705078CA393179700B30634
:106D1000FD006303B71394220A22E38596FF03D58F
:106D20000B0083550C002605A605D6956A95EFB095
:106D30003FEA83570C0003D70B008607050742077D
:106D400041832390EB0003D70B00D2978AA363946F
:106D5000ED0023900B0083570B00B2468507C20756
:106D6000C1832310FB009C2293F7F70F85CB835739
:106D7000090003570B00998FC207C1836380B703D3
:106D8000B76700201386874F238006000E22054533
:106D900013060020A605EA95EFD09FFB83570C0051
:106DA0008507C207C1832310FC0083570C0063943E
:106DB000FD0023100C009E208507C207C1839EA002
:106DC00083C7090093F7F70FA9CFB7670020138790
:106DD000E74F96201E23C207C1836384D704B76799
:106DE0000020938747508E23C205C18193861500EA
:106DF000C206C18296A396236394DD002390070008
:106E00001E2393961500D2968507C2079222C1834E
:106E1000A6051EA3D6951305100823800900EFD000
:106E20007FE30357090083570B00C207C183E39A2E
:106E3000E7EA41016F908FC08347044E1A22014751
:106E4000E39F97ED81477DBDEF928FBEAE8437649F
:106E500000201D46930584502685092405CD03C8CE
:106E60000400883013048450AC20D420D830FC2097
:106E7000B0302300040108B02CA030B054A058B0AA
:106E80007CA0376700208546B76700202303D750D2
:106E9000A38307506F900FBCB7670020938787507C
:106EA00083C8070003C81700A823B033D423D833FE
:106EB000FC2323801501A3800501A8A1B0B1D4A1B2
:106EC000D8B1FCA18280EF920FB5B76700209387FD
:106ED0006750982341111377F70F51E7376400206B
:106EE000130474501C2093F7F70F81E741016F9052
:106EF000CFB53704024013050403EF90FFC8930792
:106F0000F01FB774002063F4A710138584A2EFF07C
:106F10007F9B09C9B7670020938717519823137780
:106F2000F70F51E7B7790020138589A3EFF09F99F8
:106F300049ED37640020130404511C2093F7F70F28
:106F4000D5D7138589A3EFF09F989307F01FE3FF30
:106F5000A7F813060020938501A609452300040025
:106F6000EFD01FDF61B71969731009803765002002
:106F70001305855023800700EF90BF838547B766D0
:106F80000020A388F65037670020B77400203764CC
:106F90000020A307F75013047450138584A21CA08B
:106FA00013098908EFF0BF917310098025BF6C00A9
:106FB000138584A223800700EFF0BF973246AA858D
:106FC00013052008EFD01FC9B1BF6C00138589A33A
:106FD000EFF03F96B2452A8995C537540040814469
:106FE00013040480930500082285EFA0EFCA7DD921
:106FF000B30799008C2322858504EFA06FC9B245A1
:10700000E3E2B4FE138589A3EFF01F971DB7814516
:1070100013050403EF90BFB513050403EF90DFB62B
:1070200013060020B7650020098E9385C55113858E
:1070300084A2EFF0DF8A1305040393050020EF908C
:107040007FB437550040A14513050580EFA06FC5FB
:10705000854513050403EF909FB145BD01476314B7
:10706000E60001458280B307E5000507B386E50029
:107070009C2383C6F6FFE384D7FE3385D740828006
:10708000B3C7A5008D8B3307C50081E78D4763ED3E
:10709000C700AA87637EE508942185078505A38F2D
:1070A000D7FEE3EBE7FE828093763500AA8789CA94
:1070B000942185078505A38FD7FE93F63700C5BFBA
:1070C0009376C7FF138606FE63F0C70683A3050009
:1070D00083A2450083AF850003AFC50083AE0501E1
:1070E00003AE450103A3850183A8C501938545022D
:1070F00023A0770003A8C5FF23A2570023A4F7010C
:1071000023A6E70123A8D70123AAC70123AC670060
:1071100023AE17019387470223AE07FF75B790414F
:107120009107910523AEC7FEE3EBD7FEE3E6E7F652
:10713000828039713EDA2ED232D436D63AD842DC49
:1071400046DE9387C18322CC804326CA06CEAA841A
:1071500009C41C4C99E32285992B0C4454102686B3
:10716000228536C6EF00D04FF2406244D2442161FE
:107170008280011126CA4AC806CE22CC4EC652C40D
:10718000AA842E8901C51C4D91E315239C4C804493
:1071900099E32685292B97270000938727B5631B42
:1071A000F402C0405E24A18BB1C71C48A1C7FD59A1
:1071B000294A1C4483450900FD17B1E91CC463DD5D
:1071C00007062286A9452685CD20FD576308F502CE
:1071D000294535A097270000938747B36314F4002F
:1071E0008044C9B797270000938747AEE31CF4FAA1
:1071F000C0444DBFA2852685BD2255D97D55F2409C
:107200006244D2444249B249224A056182801CC488
:10721000050963D70700184C63CAE7006388450176
:107220001C401387170018C08CA361B722862685DF
:10723000AD28E31035F9D9B71C401387170018C0E3
:10724000294798A371B79387C183AA8588436FF0B4
:107250005FF235713ECBB707008093C7F7FF3ECE94
:107260003EC8C1779387872032C536C73AC942CD19
:1072700046CF3ECA9387C1832AC42ACC88433401AF
:107280002E862C0086DE36C2EF005010A2472380E7
:107290000700F6500D618280AA87850703C7F7FFB4
:1072A0006DFF3385A7407D158280011122CC26CA4F
:1072B0004AC806CE4EC6AA842E89328401C51C4D0A
:1072C00091E3F52697270000938747A26317F406FA
:1072D000C0401C4C1CC45E24A18BC1C31C48B5CF4C
:1072E0001C4808409379F90F1379F90F1D8D5C48FC
:1072F0006346F500A2852685692C25E51C44050515
:10730000FD171CC41C401387170018C023803701C9
:107310005C486388A7005E24858B81CBA9476316F0
:10732000F900A2852685B5240DEDF24062444A8518
:10733000D2444249B2490561828097270000938771
:10734000E79C6314F400804469B797270000938793
:10735000E797E310F4F8C044ADBFA285268521204D
:1073600041D17D59D9B741119387C18326C2844346
:1073700022C44AC006C62A892E8489C49C4C99E33B
:10738000268535269727000093874796631BF402CE
:10739000C0400317C40093170701C18393F6870009
:1073A000ADEA93F6070195EEA5472320F900136790
:1073B00007045AA47D55B240224492440249410137
:1073C000828097270000938767946314F4008044B9
:1073D000C9B7972700009387678FE31CF4FAC0446E
:1073E0004DBF918B9DC34C5889C993074404638456
:1073F000F5004A85292B232A04025E242322040057
:1074000093F7B7FD5EA41C481CC05E2493E7870079
:107410005EA41C4899EB5E241307002093F707280D
:107420006385E700A2854A8591295E2413F717003A
:107430001DC35C4823240400B307F0401CCC1C4847
:107440000145B5FB8317C40013F707082DD793E751
:1074500007045EA485B7898B014791E3584818C497
:10746000F9BFDE25011122CC26CA06CE4AC84EC677
:1074700013F78700AA842E8479EBD841634DE0008E
:10748000B841634AE0000145F2406244D2444249B7
:10749000B2490561828058547DD703A904009396B0
:1074A000370123A0040063DB060670485E24918B3D
:1074B00099C75C401D8E5C5899C33C401D8E5C543E
:1074C0000C50814626858297FD575A24631DF5008E
:1074D0009440F54763E8D706B70740208507B3D740
:1074E000D700858BA5C31C48232204001CC093171A
:1074F000370163D80700FD576314F5009C4091E302
:1075000068C84C5823A02401BDDD9307440463845C
:10751000F5002685ED2E232A0402B5B70C5001464E
:10752000854626850297FD572A86E311F5F89C408B
:10753000B5DF75476385E70059476393E70423A0E8
:10754000240191B7136707045AA47D5535BF83A959
:107550000501E38A09F203A905008D8B23A03501FB
:1075600033093941014791E3D84918C4E35D20F15B
:107570001C540C50CA864E86268582976347A0000D
:107580005E2493E707045EA4C9B7AA993309A9400A
:10759000F1BF9C49A5C3011122CC06CE2A8411C596
:1075A0001C4D81E72EC62122B24597170000938714
:1075B000E773639CF5004C408397C5009DC7228507
:1075C0006244F24005616FF0DFE99717000093878E
:1075D000E7736394F5000C44C5B7971700009387D1
:1075E000E76EE39BF5FC4C44C1BFF24062440145A9
:1075F0000561828001458280411122C406C62A8429
:107600004EA572A523200500232205002324050092
:107610002322050623280500232A0500232C050024
:10762000214681451305C505EF809FC397170000CC
:107630009387C7E95CD0971700009387E7EB1CD4CA
:10764000971700009387C7EF5CD4971700009387C4
:1076500027F200D01CD8B240224441018280970515
:107660000000938545F391AA411126C213068006B6
:107670009384F5FFB384C4024AC02E8922C406C68F
:10768000938544072D2E2A8401CD23200500232233
:107690002501310508C4138684068145EF805FBC4F
:1076A0002285B240224492440249410182801C4D0D
:1076B000A5E7411106C622C497070000938767FA21
:1076C0001CD5938781849C43232405042326050429
:1076D000232805046314F50085471CCD2A8435282A
:1076E00048C022851D2808C42285052848C4484072
:1076F00001469145EFF05FF008440546A545EFF0DF
:10770000BFEF48440946C945EFF01FEF85471CCC41
:10771000B24022444101828082804111938781845A
:1077200026C284434AC006C69C4C22C42A8981E7EB
:107730002685EFF0DFF7938484048044DC40FD1756
:1077400063D607009C40B9CF8440C5BF0317C4006F
:1077500039E7C1778507232204062320040023226A
:107760000400232404005CC423280400232A04000A
:10777000232C0400214681451305C405EF805FAE2C
:10778000232A0402232C04022324040423260404B1
:107790002285B2402244924402494101828013046E
:1077A000840671BF91454A85EFF01FEC88C049FD02
:1077B000B1472320F9000144E1BF797122D44AD0B6
:1077C00052CC56CA5AC85EC606D626D24ECE2A8A91
:1077D000AE8A130485040149054BFD5B09ECB250E8
:1077E00022544A8592540259F249624AD24A424B83
:1077F000B24B45618280044483294400FD1963D45F
:1078000009000040E1BFDE24637BFB008397E400B6
:1078100063877701A6855285829A3369A90093848C
:107820008406E9BF1971A6DAAE848395E500A2DC6F
:1078300086DE328463DB0500DE2423A0060093F796
:10784000070885E7930700401DA0300836C6EF0003
:10785000B058B246E34205FE7247BD67F98F7977AB
:10786000BA9793B717009CC2F1BF930700041CC0DE
:10787000F6506654D654014509618280DE25011117
:1078800022CC06CE26CA4AC8898B2E8489CF93077C
:1078900074041CC01CC885475CC8F2406244D244D2
:1078A00042490561828074003000AA84EFF09FF79E
:1078B000A2452A892685212219E98317C40013F7D6
:1078C000072061FFF19B93E727005EA4C9B79707E4
:1078D0000000938707D99CD45E2408C008C893E7AA
:1078E00007085EA4A2475CC8B24781CF8315E400B5
:1078F0002685EF00905111C55E24F19B93E7170098
:107900005EA45E243369F9002316240179B7DDC52E
:1079100083A7C5FF411122C406C626C21384C5FF32
:1079200063D307003E94AA84EF00505A97F7FF1FD5
:10793000938787BE9C4391EF2322040097F7FF1F94
:1079400023AC87BC2244B2402685924441016F009B
:107950001058637EF40014403307D4006396E700A8
:107960009843DC43369718C05CC0C9BFBA87D84378
:1079700019C3E37DE4FE94433386D700631F86007A
:107980001040B29694C33386D700E31DC7FA104364
:107990005843B29694C3D8C375B76375C400B14752
:1079A0009CC04DB71040B306C4006316D700144303
:1079B0005843B29614C058C0C0C369B78280011141
:1079C00026CA93843500F19806CE22CC4AC84EC60A
:1079D000A104B14763FBF404B14463EAB4042A8907
:1079E000EF00D04E97F7FF1F938707B398433A8471
:1079F00029E897F7FF1F938767B29C4389EB81457E
:107A00004A85EF00502997F7FF1F23A9A7B0A68545
:107A10004A85EF005028FD59631B3507B1472320E5
:107A2000F9004A85EF00B04A29A0E3D804FAB1472B
:107A30001CC10145F2406244D2444249B249056149
:107A400082801C40858F63C10704AD4663F6F60053
:107A50001CC03E9404C001A85C406315870217F760
:107A6000FF1F232BF7AA4A85EF0070461305B400C9
:107A70009307440061993307F5404DDF3A94898FAD
:107A80001CC04DBF5CC3C5B72287404095B71304E7
:107A900035007198E30085FCB305A4404A85EF00EA
:107AA000901FE31935FB9DBF01114AC803A985004A
:107AB00022CC52C45AC006CE26CA4EC656C22E8406
:107AC000328B368A63E92609DE2513F7074851C34E
:107AD00004408C495848AA8AB389B4408D44B38481
:107AE000E4020947B3C4E402138716004E9763F318
:107AF000E400BA8493F70740BDCFA6855685EFF022
:107B00001FEC2A891DE1B14723A0FA005E247D55B0
:107B100093E707045EA4F2406244D2444249B2496A
:107B2000224A924A024B056182800C484E86EFF051
:107B30002FD55E2493F7F7B793E707085EA42328B1
:107B4000240144C84E99B38434412320240104C441
:107B5000528963732A01528908404A86DA85EF0008
:107B600090321C440145B38727411CC41C403E99F8
:107B7000232024014DB726865685EF0070352A89CB
:107B80005DFD0C485685EFF09FD8B5BFDE257171BD
:107B900026D34AD14ECF06D722D552CD56CB5AC97D
:107BA0005EC762C566C393F70708AA892E89B284A7
:107BB000B9C39C49A9E39305000436C6EFF03FE042
:107BC0002320A9002328A900B24615E1B14723A02C
:107BD000F9007D55BA502A549A540A59FA496A4A0A
:107BE000DA4A4A4BBA4B2A4C9A4C4D618280930731
:107BF0000004232AF90093070002A30CF102930763
:107C0000000302DA230DF10236CE930B5002971ACD
:107C10000000938AAA11054C294B26841C2099C385
:107C200063997709B30C9440638E0C00E686268630
:107C3000CA854E85EFF05FE7FD57630BF518D25606
:107C4000E69636DA1C2063850718FD579304140066
:107C500002D002D63ED202D4A301010682DC8C20DF
:107C600015465685EF00B02013841400825721E595
:107C700013F7070109C713070002A301E10613F771
:107C8000870009C71307B002A301E1069420130778
:107C9000A002638AE602B257268481462546182050
:107CA00093051400130707FD6372E6068DC63ED6E2
:107CB0001DA00504A5B7330555413315AC00C98F88
:107CC0003ED0A28469BF724793064700184336CE60
:107CD000634707023AD618209307E002631DF704B2
:107CE00018309307A002631BF702F24709041387B9
:107CF00047009C433ACE63C107023ED22DA833070A
:107D0000E04093E727003AD63ED0F1B7B387670348
:107D100085462E84BA9761B7FD57C5B7050402D2D0
:107D2000814681472546182093051400130707FD57
:107D30006376E606F9F20C200D46171500001305D0
:107D400065FFEF00D01211CD97170000938787FED3
:107D50001D8D93070004B397A700025505045D8DA0
:107D60002AD00C201946171500001305E5FC9304D2
:107D70001400230CB102EF00900F25C59787FFFF79
:107D80009387472895E70257F2471377071009CFE3
:107D900091073ECED257D2973EDA41B5B3876703FB
:107DA00085462E84BA9741B79D07E19BA107D5B7B9
:107DB000780897060000938666CF4A860C104E8599
:107DC00097000000E7000000FD572A8AE314F5FC45
:107DD0008357C9007D5593F70704E39D07DE52558D
:107DE000D5BB780897060000938646CC4A860C10CF
:107DF0004E850921D1BF1C46FD171CC663DA07005A
:107E0000184E63C5E700A9476394F5006FF0EFC90A
:107E10001C422E851387170018C28CA38280011183
:107E200022CC26CA4AC84EC652C406CE2A89AE897A
:107E30003284B304D6007D5A63149400014509A826
:107E40000C204E864A85EFF01FFB0504E31645FF24
:107E5000F2406244D2444249B249224A05618280DA
:107E6000357122CD26CB4AC94EC706CF52C556C35F
:107E70005AC1DEDEE2DCE6DAAA89AE8432893684D3
:107E800009C51C4D99E3EFF09F8297170000938777
:107E9000E7E56398F40C83A44900DE24A18BE5C7D1
:107EA0009C48F5C393070002A304F1029307000363
:107EB00002D22305F10222C6930B5002971A00004A
:107EC000938ACAE6054C294B4A841C2099C3639FB8
:107ED000770DB30C2441638E0C00E6864A86A68596
:107EE0004E85EFF0DFF3FD57630FF51C9256E696D3
:107EF00036D21C206389071CFD571309140002C8E1
:107F000002CE3ECA02CCA309010482D483450900F3
:107F100015465685A92F13041900C24751E913F7D6
:107F2000070109C713070002A309E10413F787003B
:107F300009C71307B002A309E10483460900130728
:107F4000A002638FE606F2474A8481462546182040
:107F500093051400130707FD6377E60AB5CA3ECE02
:107F600085A897170000938767DA6395F40083A4C8
:107F7000890025B797170000938747D5E39FF4F052
:107F800083A4C90019BFA6854E85EFF0CFBD19D9CE
:107F90007D55FA406A44DA444A49BA492A4A9A4A1B
:107FA0000A4BF65B665CD65C0D618280050431BFCE
:107FB000330555413315AC00C98F3EC82289B9B786
:107FC000324793064700184336C6634707023ACE46
:107FD00018209307E002631DF70418309307A002EE
:107FE000631BF702B2470904138747009C433AC654
:107FF00063C107023ECA2DA83307E04093E727007C
:108000003ACE3EC8F1B7B387670385462E84BA9748
:108010003DBFFD57C5B7050402CA814681472546C5
:10802000182093051400130707FD6374E606F9F2A0
:108030000C200D46171500001305C5CF0D2D11CDD1
:1080400097170000938707CF1D8D93070004B39700
:10805000A700424505045D8D2AC80C201946171556
:108060000000130565CD130914002304B102012596
:1080700035C19787FFFF9387E7F895E74247B247F7
:108080001377071009CF91073EC69257D2973ED279
:1080900025BDB387670385462E84BA9751B79D07E0
:1080A000E19BA107D5B7780097060000938666D7B5
:1080B00026860C084E8597000000E7000000FD575B
:1080C0002A8AE314F5FCDE2493F70704E39207EC15
:1080D0001255C1B5780097060000938686D426868F
:1080E0000C084E85012AE1BF797156CA9C49BA8AAB
:1080F000984522D426D24ECE52CC06D64AD05AC863
:108100005EC6AA892E84B284368A63D3E700BA8712
:108110009CC00347340419C385079CC01C4093F7D7
:10812000070281C79C4089079CC00329040013797A
:108130006900631A0900130B9401FD5B5C449840CD
:10814000998F634CF9041C408346340493F707026B
:10815000B336D000A5EB13063404D2854E85829A3F
:10816000FD576303F5041C4011469840998B544415
:1081700081446397C700B384E64063D3040081441D
:108180001C4418486354F700998FBE940149690450
:108190007D5B63982405014509A885465A86D285EA
:1081A0004E85829A631E75017D55B25022549254B9
:1081B0000259F249624AD24A424BB24B456182802F
:1081C0000509ADBF3307D40013060003A301C7049C
:1081D0000347540493871600A2978906A381E704F6
:1081E0009DBF85462286D2854E85829AE30E65FB29
:1081F000050945B7797122D426D24AD04ECE06D68B
:1082000052CC56CA5AC8B689942D93079006328923
:10821000AA842E8413863504638DF60263E2D706A2
:10822000930780056386F61863EDD700638E0620FA
:1082300093073004638EF60A930A24042301D404BE
:10824000C9A0930730066385F60A93074006E395B5
:10825000F6FE1C40084393F6070893054500C5C683
:108260001C410CC363D807001307D002B307F040CA
:10827000A301E40497160000938686AC294765A8FD
:10828000930700076382F61663E5D7029307E006BB
:108290006389F6189307F006E390F6FA0C401C4346
:1082A00013F80508138547006307080608C39C43B5
:1082B00085A893075007E383F6FE93078007638939
:1082C000F61293073007E399F6F61C43D041814537
:1082D0009386470014C383AA07005685492E01C51B
:1082E0003305554148C05C401CC8A301040461A883
:1082F0001C43930A2404938647009C4314C3230120
:10830000F4048547D5B793F607041C410CC3B9DACA
:10831000C207C18781BF93F5050408C3C9D99E234D
:108320001307F0066387E60E97160000938646A1B2
:108330002947A30104044C400CC463C50500084050
:108340006D9908C099E3B28A89CDB28AB3F5E70284
:10835000FD1AB6958C212380BA00B3D5E70263F0ED
:10836000E70CA147631EF7001C40858B91CB58405A
:108370001C4863C7E70093070003A38FFAFEFD1AAA
:108380003306564110C84E87CA867000A2852685DE
:10839000EFF09FD57D5A631D450B7D55B250225499
:1083A00092540259F249624AD24A424B4561828054
:1083B000A382D50497160000938686980C40084344
:1083C00013F805081C411105630D080208C313F7D3
:1083D000150001C793E505020CC04147B9FB0C40ED
:1083E00093F5F5FD0CC0B1B79C4193E707029CC122
:1083F00093078007A302F4049716000093868695DE
:1084000075BF13F8050408C3E30308FCC207C18362
:108410007DBF971600009386A692214719BFAE87AD
:1084200035B794411C43CC4913F80608138547001F
:108430006306080008C39C438CC339A008C393F6A5
:1084400006049C43F5DA8EA323280400B28A25BFD4
:1084500014485686CA8526858299E30045F51C4056
:10846000898B8DE7B2474844E35AF5F23E853DB724
:1084700085465686CA8526858299E30065F3050AF6
:108480005C443247998FE345FAFEE9BF014A930AFB
:1084900094017D5BF5B7411122C42A842E8597E7AC
:1084A000FF1F23A1075E06C6EF90CF83FD57631918
:1084B000F50097E7FF1F9387E75C9C4391C31CC0BF
:1084C000B240224441018280411122C42E8483950E
:1084D000E50006C6912C634905007C48AA977CC834
:1084E000B2402244410182805E247D777D17F98F5E
:1084F0005EA4FDB7DE25011122CC26CA4AC84EC6AD
:1085000006CE93F70710AA842E843289B68991C7C4
:108510008395E500894601460D225E247D777D170F
:10852000F98F5EA48315E4006244F240CE864A8649
:10853000B24942492685D244056125A8411122C489
:108540002E848395E50006C6CD28FD575A24631A6C
:10855000F500FD77FD17F98F5EA4B240224441017A
:1085600082808567D98F5EA468C8C5BF8395E50002
:1085700025A8411122C42A842E85B285368697E724
:10858000FF1F23A1075006C6EF809FF5FD57631913
:10859000F50097E7FF1F9387E74E9C4391C31CC0EC
:1085A000B240224441018280411122C42A842E8596
:1085B00097E7FF1F23A8074C06C65D2AFD576319DE
:1085C000F50097E7FF1F9387E74B9C4391C31CC0BF
:1085D000B240224441018280411122C42A842E8566
:1085E000B28597E7FF1F23AF074806C6512AFD57FC
:1085F0006319F50097E7FF1F9387C7489C4391C312
:108600001CC0B240224441018280411122C42A840C
:108610002E8597E7FF1F23A7074606C6952AFD5715
:108620006319F50097E7FF1F9387C7459C4391C3E4
:108630001CC0B240224441018280411122C42A84DC
:108640002E85B285368697E7FF1F23AD074206C603
:10865000812AFD576319F50097E7FF1F938787422B
:108660009C4391C31CC0B24022444101828093F5D7
:10867000F50F2A966314C500014582801C21E38E04
:10868000B7FE0505C5BF63F1A504B386C500637DCC
:10869000D5029345F6FF8147FD176393F50082806D
:1086A0003387F600034807003387C7002A97230063
:1086B0000701DDB73387F50014233307F50085077D
:1086C00014A3E319F6FE82808147E5BF8280828091
:1086D00081E5B2856FF0AFAE011122CC06CE26CA7D
:1086E0004AC84EC6328401EEEFF06FA20149F24053
:1086F00062444A85D2444249B24905618280AE84CF
:10870000AA89A9282689E37485FEA2854E85EFF003
:108710000FAB2A8969DDA6852286EFE07F96A685C4
:108720004E85EFF0CF9EE1B7411122C42A842E85F9
:10873000B285368697E7FF1F23A6073406C68D2825
:10874000FD576319F50097E7FF1F9387A7339C43F5
:1087500091C31CC0B24022444101828083A7C5FF5F
:108760001385C7FF63D50700AA959C413E9582807B
:108770009307800517E7FF1F2326F7307D5582807A
:108780009307800517E7FF1F232EF72E7D55828064
:108790009307800517E7FF1F2326F72E01458280E8
:1087A0009307800517E7FF1F232EF72C7D55828046
:1087B0009307800517E7FF1F2326F72C7D5582803E
:1087C000EC190000D419000018190000BC180000B2
:1087D0002A1B00003C1A000002180000601C000068
:1087E000AA1700009018000082180000601C00000A
:1087F000601C0000601C0000601C0000601C000089
:10880000581B000042180000A41A0000801A000043
:10881000CC1A00007C16000030160000601C00001E
:10882000601C0000601C0000601C0000601C000058
:10883000601C00004E150000253038582D253038BA
:10884000582D2530385800001B5B33336D5B572F94
:108850005553425D20000000556E68616E646C6582
:10886000642043444320436C6173732062526571FA
:1088700075657374203078253032780D0A00000059
:108880001B5B306D00000000985800000659000086
:10889000C055000006590000C0550000EC5800000B
:1088A000A2580000C0550000FA58000012590000FC
:1088B0005462000080630000B86100008063000023
:1088C000B86100006A63000018630000B86100002E
:1088D0000C630000686200001B5B33326D5B492F44
:1088E0005553425D2000000072656164204D5320A5
:1088F0004F5320322E302064657363726970746F39
:108900007220737472696E670D0000007265616495
:1089100020424F532064657363726970746F7220D4
:10892000737472696E670D004F70656E2065703AE2
:1089300030782530327820747970653A2575206D4D
:1089400070733A25750D0A00726561642068696468
:10895000207265706F7274206465736372697074DD
:108960006F720D00436C6F73652065703A30782527
:1089700030327820747970653A25750D0A00000050
:108980001B5B33316D5B452F5553425D200000006A
:1089900065703A2530327820636C656172206861B9
:1089A0006C740D0A0000000065703A2530327820A2
:1089B0007365742068616C740D0A00007374616ED5
:1089C000646172642072657175657374206572727A
:1089D0006F720D0053657475703A20626D52657147
:1089E0007565737454797065203078253032782C31
:1089F0002062526571756573742030782530327845
:108A00002C207756616C7565203078253034782CB1
:108A10002077496E646578203078253034782C20B2
:108A2000774C656E677468203078253034780D0A8D
:108A300000000000636C617373207265717565736B
:108A400074206572726F720D0000000067657420FB
:108A5000436F6D7061742049440D00006765742098
:108A6000436F6D7061742069642070726F706572FD
:108A7000746965730D000000756E6B6E6F776E2004
:108A800076656E646F7220636F64650D0000000090
:108A9000474554204D53204F5320322E30204465FB
:108AA0007363726970746F720D00000076656E6496
:108AB0006F722072657175657374206572726F7262
:108AC0000D00000064657363726970746F72203CFE
:108AD000747970653A3078253032782C696E646527
:108AE000783A3078253032783E206E6F7420666F89
:108AF000756E64210D0A00005265717565737420EE
:108B000062756666657220746F6F20736D616C6C40
:108B10000D000000050F2100011C100500DF60DDC5
:108B2000D88945C74C9CD2659D9E648A9F000003EE
:108B300006AA0020000000000A0000000000030652
:108B4000AA00080002000000A0001400030057491A
:108B50004E55534200000000000000000000840059
:108B6000040007002A0044006500760069006300E5
:108B7000650049006E0074006500720066006100C7
:108B80006300650047005500490044007300000081
:108B900050007B0043004400420033004200350097
:108BA000410044002D0032003900330042002D0006
:108BB00034003600360033002D0041004100330000
:108BC00036002D00310041004100450034003600E0
:108BD0003400360033003700370036007D000000D7
:108BE0000000000012011002EF020140280D0402F3
:108BF0000001010203010902620003010080FA0979
:108C000004000002FF000002070501020002000745
:108C1000058102000200080B0102020201000904A2
:108C200001000102020100052400100105240100D9
:108C3000020424020205240601020705830308003A
:108C40000A09040200020A000000070502020002ED
:108C50000007058202000200040309041403430014
:108C600068006500720072007900550053004200F0
:108C700032036400610070006C0069006E006B00DC
:108C80002D00770069006E007500730062002000FF
:108C900043004D005300490053002D0044004100A3
:108CA00050001A0330003100320033003400350028
:108CB0004100420043004400450046000A061002FD
:108CC0000000004001000000000000000000000063
:108CD0000000000000000000000000000000000094
:108CE0000000000000000000000000000000000084
:108CF0000000000000000000000000000000000074
:108D00000000000000000000000000000000000063
:108D10000000000000000000000000000000000053
:108D20000000000000000000232D302B2000000078
:108D3000686C4C0065666745464700003031323349
:108D40003435363738394142434445460000000047
:108D500030313233343536373839616263646566B1
:048D6000000000000F
:108D640000000000000000000102030406070809D7
:108D740000000000010203040102030406070809BD
:108D840000000000E88C0000088D0000C88C000082
:108D940000000000000000000000000000000000CF
:108DA40000000000000000000000000000000000BF
:108DB40000000000000000000000000000000000AF
:108DC400000000000000000000000000000000009F
:108DD400000000000000000000000000000000008F
:108DE4000044950802040608846A0020148B0000DD
:108DF4002100000082000000EA6A00000200000076
:108E0400A46A000081000000226A00000100000042
:108E14008C690000388B0000AA002000200000208C
:108E2400322E312E3100000020000020000000000E
:108E3400000000000000000000000000000000002E
:108E4400000000000000000000000000000000001E
:108E5400000000000000000000000000000000000E
:108E640000000000000000000000000000000000FE
:108E740000000000000000000000000000000000EE
:108E840000000000000000000000000000000000DE
:108E940000000000000000000000000000000000CE
:108EA40000000000000000000000000000000000BE
:108EB40000000000000000000000000000000000AE
:108EC400000000000000000000000000000000009E
:108ED400000000000000000000000000000000008E
:108EE400000000000000000000000000000000007E
:108EF400000000000000000000000000000000006E
:108F0400000000000000000000000000000000005D
:108F1400000000000000000000000000000000004D
:108F2400000000000000000000000000000000003D
:108F3400000000000000000000000000000000002D
:108F4400000000000000000000000000000000001D
:108F5400000000000000000000000000000000000D
:108F640000000000000000000000000000000000FD
:108F740000000000000000000000000000000000ED
:108F840000000000000000000000000000000000DD
:108F940000000000000000000000000000000000CD
:108FA40000000000000000000000000000000000BD
:108FB40000000000000000000000000000000000AD
:108FC400000000000000000000000000000000009D
:108FD400000000000000000000000000000000008D
:108FE400000000000000000000000000000000007D
:108FF400000000000000000000000000000000006D
:10900400000000000000000000000000000000005C
:10901400000000000000000000000000000000004C
:10902400000000000000000000000000000000003C
:10903400000000000000000000000000000000002C
:10904400000000000000000000000000000000001C
:10905400000000000000000000000000000000000C
:1090640000000000000000000000000000000000FC
:1090740000000000000000000000000000000000EC
:1090840000000000000000000000000000000000DC
:1090940000000000000000000000000000000000CC
:1090A40000000000000000000000000000000000BC
:1090B40000000000000000000000000000000000AC
:1090C400000000000000000000000000000000009C
:1090D400000000000000000000000000000000008C
:1090E400000000000000000000000000000000007C
:1090F400000000000000000000000000000000006C
:10910400000000000000000000000000000000005B
:10911400000000000000000000000000000000004B
:10912400000000000000000000000000000000003B
:10913400000000000000000000000000000000002B
:10914400000000000000000000000000000000001B
:10915400000000000000000000000000000000000B
:1091640000000000000000000000000000000000FB
:1091740000000000000000000000000000000000EB
:1091840000000000000000000000000000000000DB
:1091940000000000000000000000000000000000CB
:1091A40000000000000000000000000000000000BB
:1091B40000000000000000000000000000000000AB
:1091C400000000000000000000000000000000009B
:1091D400000000000000000000000000000000008B
:1091E400000000000000000000000000000000007B
:1091F400000000000000000000000000000000006B
:10920400000000000000000000000000000000005A
:10921400000000000000000000000000000000004A
:10922400000000000000000000000000000000003A
:10923400000000000000000000000000000000002A
:10924400000000000000000000000000000000001A
:10925400000000000000000000000000000000000A
:1092640000000000000000000000000000000000FA
:1092740000000000000000000000000000000000EA
:1092840000000000000000000000000000000000DA
:1092940000000000000000000000000000000000CA
:1092A40000000000000000000000000000000000BA
:1092B40000000000000000000000000000000000AA
:1092C400000000000000000000000000000000009A
:1092D400000000000000000000000000000000008A
:1092E400000000000000000000000000000000007A
:1092F400000000000000000000000000000000006A
:109304000000000000000000000000000000000059
:109314000000000000000000000000000000000049
:109324000000000000000000000000000000000039
:109334000000000000000000000000000000000029
:109344000000000000000000000000000000000019
:109354000000000000000000000000000000000009
:1093640000000000000000000000000000000000F9
:1093740000000000000000000000000000000000E9
:1093840000000000000000000000000000000000D9
:1093940000000000000000000000000000000000C9
:1093A40000000000000000000000000000000000B9
:1093B40000000000000000000000000000000000A9
:1093C4000000000000000000000000000000000099
:1093D4000000000000000000000000000000000089
:1093E4000000000000000000000000000000000079
:1093F4000000000000000000000000000000000069
:109404000000000000000000000000000000000058
:109414000000000000000000000000000000000048
:109424000000000000000000000000000000000038
:109434000000000000000000000000000000000028
:109444000000000000000000000000000000000018
:109454000000000000000000000000000000000008
:1094640000000000000000000000000000000000F8
:1094740000000000000000000000000000000000E8
:1094840000000000000000000000000000000000D8
:1094940000000000000000000000000000000000C8
:1094A40000000000000000000000000000000000B8
:1094B40000000000000000000000000000000000A8
:1094C4000000000000000000000000000000000098
:1094D4000000000000000000000000000000000088
:1094E4000000000000000000000000000000000078
:1094F4000000000000000000000000000000000068
:109504000000000000000000000000000000000057
:109514000000000000000000000000000000000047
:109524000000000000000000000000000000000037
:109534000000000000000000000000000000000027
:109544000000000000000000000000000000000017
:109554000000000000000000000000000000000007
:1095640000000000000000000000000000000000F7
:1095740000000000000000000000000000000000E7
:1095840000000000000000000000000000000000D7
:1095940000000000000000000000000000000000C7
:1095A40000000000000000000000000000000000B7
:1095B40000000000000000000000000000000000A7
:1095C4000000000000000000000000000000000097
:1095D4000000000000000000000000000000000087
:1095E4000000000000000000000000000000000077
:1095F4000000000000000000000000000000000067
:109604000000000000000000000000000000000056
:109614000000000000000000000000000000000046
:109624000000000000000000000000000000000036
:109634000000000000000000000000000000000026
:109644000000000000000000000000000000000016
:109654000000000000000000000000000000000006
:1096640000000000000000000000000000000000F6
:1096740000000000000000000000000000000000E6
:1096840000000000000000000000000000000000D6
:1096940000000000000000000000000000000000C6
:1096A40000000000000000000000000000000000B6
:1096B40000000000000000000000000000000000A6
:1096C4000000000000000000000000000000000096
:1096D4000000000000000000000000000000000086
:1096E4000000000000000000000000000000000076
:1096F4000000000000000000000000000000000066
:109704000000000000000000000000000000000055
:109714000000000000000000000000000000000045
:109724000000000000000000000000000000000035
:109734000000000000000000000000000000000025
:109744000000000000000000000000000000000015
:109754000000000000000000000000000000000005
:1097640000000000000000000000000000000000F5
:1097740000000000000000000000000000000000E5
:1097840000000000000000000000000000000000D5
:1097940000000000000000000000000000000000C5
:1097A40000000000000000000000000000000000B5
:1097B40000000000000000000000000000000000A5
:1097C4000000000000000000000000000000000095
:1097D4000000000000000000000000000000000085
:1097E4000000000000000000000000000000000075
:1097F4000000000000000000000000000000000065
:109804000000000000000000000000000000000054
:109814000000000000000000000000000000000044
:109824000000000000000000000000000000000034
:109834000000000000000000000000000000000024
:109844000000000000000000000000000000000014
:109854000000000000000000000000000000000004
:1098640000000000000000000000000000000000F4
:1098740000000000000000000000000000000000E4
:1098840000000000000000000000000000000000D4
:1098940000000000000000000000000000000000C4
:1098A40000000000000000000000000000000000B4
:1098B40000000000000000000000000000000000A4
:1098C4000000000000000000000000000000000094
:1098D4000000000000000000000000000000000084
:1098E4000000000000000000000000000000000074
:1098F4000000000000000000000000000000000064
:109904000000000000000000000000000000000053
:109914000000000000000000000000000000000043
:109924000000000000000000000000000000000033
:109934000000000000000000000000000000000023
:109944000000000000000000000000000000000013
:109954000000000000000000000000000000000003
:1099640000000000000000000000000000000000F3
:1099740000000000000000000000000000000000E3
:1099840000000000000000000000000000000000D3
:1099940000000000000000000000000000000000C3
:1099A40000000000000000000000000000000000B3
:1099B40000000000000000000000000000000000A3
:1099C4000000000000000000000000000000000093
:1099D4000000000000000000000000000000000083
:1099E4000000000000000000000000000000000073
:1099F4000000000000000000000000000000000063
:109A04000000000000000000000000000000000052
:109A14000000000000000000000000000000000042
:109A24000000000000000000000000000000000032
:109A34000000000000000000000000000000000022
:109A44000000000000000000000000000000000012
:109A54000000000000000000000000000000000002
:109A640000000000000000000000000000000000F2
:109A740000000000000000000000000000000000E2
:109A840000000000000000000000000000000000D2
:109A940000000000000000000000000000000000C2
:109AA40000000000000000000000000000000000B2
:109AB40000000000000000000000000000000000A2
:109AC4000000000000000000000000000000000092
:109AD4000000000000000000000000000000000082
:109AE4000000000000000000000000000000000072
:109AF4000000000000000000000000000000000062
:109B04000000000000000000000000000000000051
:109B14000000000000000000000000000000000041
:109B24000000000000000000000000000000000031
:109B34000000000000000000000000000000000021
:109B44000000000000000000000000000000000011
:109B54000000000000000000000000000000000001
:109B640000000000000000000000000000000000F1
:109B740000000000000000000000000000000000E1
:109B840000000000000000000000000000000000D1
:109B940000000000000000000000000000000000C1
:109BA40000000000000000000000000000000000B1
:109BB40000000000000000000000000000000000A1
:109BC4000000000000000000000000000000000091
:109BD4000000000000000000000000000000000081
:109BE4000000000000000000000000000000000071
:109BF4000000000000000000000000000000000061
:109C04000000000000000000000000000000000050
:109C14000000000000000000000000000000000040
:109C24000000000000000000000000000000000030
:109C34000000000000000000000000000000000020
:109C44000000000000000000000000000000000010
:109C54000000000000000000000000000000000000
:109C640000000000000000000000000000000000F0
:109C740000000000000000000000000000000000E0
:109C840000000000000000000000000000000000D0
:109C940000000000000000000000000000000000C0
:109CA40000000000000000000000000000000000B0
:109CB40000000000000000000000000000000000A0
:109CC4000000000000000000000000000000000090
:109CD4000000000000000000000000000000000080
:109CE4000000000000000000000000000000000070
:109CF4000000000000000000000000000000000060
:109D0400000000000000000000000000000000004F
:109D1400000000000000000000000000000000003F
:109D2400000000000000000000000000000000002F
:109D3400000000000000000000000000000000001F
:109D4400000000000000000000000000000000000F
:109D540000000000000000000000000000000000FF
:109D640000000000000000000000000000000000EF
:109D740000000000000000000000000000000000DF
:109D840000000000000000000000000000000000CF
:109D940000000000000000000000000000000000BF
:109DA40000000000000000000000000000000000AF
:109DB400000000000000000000000000000000009F
:109DC400000000000000000000000000000000008F
:109DD400000000000000000000000000000000007F
:109DE400000000000000000000000000000000006F
:109DF400000000000000000000000000000000005F
:109E0400000000000000000000000000000000004E
:109E1400000000000000000000000000000000003E
:109E2400000000000000000000000000000000002E
:109E3400000000000000000000000000000000001E
:109E4400000000000000000000000000000000000E
:109E540000000000000000000000000000000000FE
:109E640000000000000000000000000000000000EE
:109E740000000000000000000000000000000000DE
:109E840000000000000000000000000000000000CE
:109E940000000000000000000000000000000000BE
:109EA40000000000000000000000000000000000AE
:109EB400000000000000000000000000000000009E
:109EC400000000000000000000000000000000008E
:109ED400000000000000000000000000000000007E
:109EE400000000000000000000000000000000006E
:109EF400000000000000000000000000000000005E
:109F0400000000000000000000000000000000004D
:109F1400000000000000000000000000000000003D
:109F2400000000000000000000000000000000002D
:109F3400000000000000000000000000000000001D
:109F4400000000000000000000000000000000000D
:109F540000000000000000000000000000000000FD
:109F640000000000000000000000000000000000ED
:109F740000000000000000000000000000000000DD
:109F840000000000000000000000000000000000CD
:109F940000000000000000000000000000000000BD
:109FA40000000000000000000000000000000000AD
:109FB400000000000000000000000000000000009D
:109FC400000000000000000000000000000000008D
:109FD400000000000000000000000000000000007D
:109FE400000000000000000000000000000000006D
:109FF400000000000000000000000000000000005D
:10A00400000000000000000000000000000000004C
:10A01400000000000000000000000000000000003C
:10A02400000000000000000000000000000000002C
:10A03400000000000000000000000000000000001C
:10A04400000000000000000000000000000000000C
:10A0540000000000000000000000000000000000FC
:10A0640000000000000000000000000000000000EC
:10A0740000000000000000000000000000000000DC
:10A0840000000000000000000000000000000000CC
:10A0940000000000000000000000000000000000BC
:10A0A40000000000000000000000000000000000AC
:10A0B400000000000000000000000000000000009C
:10A0C400000000000000000000000000000000008C
:10A0D400000000000000000000000000000000007C
:10A0E400000000000000000000000000000000006C
:10A0F400000000000000000000000000000000005C
:10A10400000000000000000000000000000000004B
:10A11400000000000000000000000000000000003B
:10A12400000000000000000000000000000000002B
:10A13400000000000000000000000000000000001B
:10A14400000000000000000000000000000000000B
:10A1540000000000000000000000000000000000FB
:10A1640000000000000000000000000000000000EB
:10A1740000000000000000000000000000000000DB
:10A1840000000000000000000000000000000000CB
:10A1940000000000000000000000000000000000BB
:10A1A40000000000000000000000000000000000AB
:10A1B400000000000000000000000000000000009B
:10A1C400000000000000000000000000000000008B
:10A1D400000000000000000000000000000000007B
:10A1E400000000000000000000000000000000006B
:10A1F400000000000000000000000000000000005B
:10A20400000000000000000000000000000000004A
:10A21400000000000000000000000000000000003A
:10A22400000000000000000000000000000000002A
:10A23400000000000000000000000000000000001A
:10A24400000000000000000000000000000000000A
:10A2540000000000000000000000000000000000FA
:10A2640000000000000000000000000000000000EA
:10A2740000000000000000000000000000000000DA
:10A2840000000000000000000000000000000000CA
:10A2940000000000000000000000000000000000BA
:10A2A40000000000000000000000000000000000AA
:10A2B400000000000000000000000000000000009A
:10A2C400000000000000000000000000000000008A
:10A2D400000000000000000000000000000000007A
:10A2E400000000000000000000000000000000006A
:10A2F400000000000000000000000000000000005A
:10A304000000000000000000000000000000000049
:10A314000000000000000000000000000000000039
:10A324000000000000000000000000000000000029
:10A334000000000000000000000000000000000019
:10A344000000000000000000000000000000000009
:10A3540000000000000000000000000000000000F9
:10A3640000000000000000000000000000000000E9
:10A3740000000000000000000000000000000000D9
:10A3840000000000000000000000000000000000C9
:10A3940000000000000000000000000000000000B9
:10A3A40000000000000000000000000000000000A9
:10A3B4000000000000000000000000000000000099
:10A3C4000000000000000000000000000000000089
:10A3D4000000000000000000000000000000000079
:10A3E4000000000000000000000000000000000069
:10A3F4000000000000000000000000000000000059
:10A404000000000000000000000000000000000048
:10A414000000000000000000000000000000000038
:10A424000000000000000000000000000000000028
:10A434000000000000000000000000000000000018
:10A444000000000000000000000000000000000008
:10A4540000000000000000000000000000000000F8
:10A4640000000000000000000000000000000000E8
:10A4740000000000000000000000000000000000D8
:10A4840000000000000000000000000000000000C8
:10A4940000000000000000000000000000000000B8
:10A4A40000000000000000000000000000000000A8
:10A4B4000000000000000000000000000000000098
:10A4C4000000000000000000000000000000000088
:10A4D4000000000000000000000000000000000078
:10A4E4000000000000000000000000000000000068
:10A4F4000000000000000000000000000000000058
:10A504000000000000000000000000000000000047
:10A514000000000000000000000000000000000037
:10A524000000000000000000000000000000000027
:10A534000000000000000000000000000000000017
:10A544000000000000000000000000000000000007
:10A5540000000000000000000000000000000000F7
:10A5640000000000000000000000000000000000E7
:10A5740000000000000000000000000000000000D7
:10A5840000000000000000000000000000000000C7
:10A5940000000000000000000000000000000000B7
:10A5A40000000000000000000000000000000000A7
:10A5B4000000000000000000000000000000000097
:10A5C4000000000000000000000000000000000087
:10A5D4000000000000000000000000000000000077
:10A5E4000000000000000000000000000000000067
:10A5F4000000000000000000000000000000000057
:10A604000000000000000000000000000000000046
:10A614000000000000000000000000000000000036
:10A624000000000000000000000000000000000026
:10A634000000000000000000000000000000000016
:10A644000000000000000000000000000000000006
:10A6540000000000000000000000000000000000F6
:10A6640000000000000000000000000000000000E6
:10A6740000000000000000000000000000000000D6
:10A6840000000000000000000000000000000000C6
:10A6940000000000000000000000000000000000B6
:10A6A40000000000000000000000000000000000A6
:10A6B4000000000000000000000000000000000096
:10A6C4000000000000000000000000000000000086
:10A6D4000000000000000000000000000000000076
:10A6E4000000000000000000000000000000000066
:10A6F4000000000000000000000000000000000056
:10A704000000000000000000000000000000000045
:10A714000000000000000000000000000000000035
:10A724000000000000000000000000000000000025
:10A734000000000000000000000000000000000015
:10A744000000000000000000000000000000000005
:10A7540000000000000000000000000000000000F5
:10A7640000000000000000000000000000000000E5
:10A7740000000000000000000000000000000000D5
:10A7840000000000000000000000000000000000C5
:10A7940000000000000000000000000000000000B5
:10A7A40000000000000000000000000000000000A5
:10A7B4000000000000000000000000000000000095
:10A7C4000000000000000000000000000000000085
:10A7D4000000000000000000000000000000000075
:10A7E4000000000000000000000000000000000065
:10A7F4000000000000000000000000000000000055
:10A804000000000000000000000000000000000044
:10A814000000000000000000000000000000000034
:10A824000000000000000000000000000000000024
:10A834000000000000000000000000000000000014
:10A844000000000000000000000000000000000004
:10A8540000000000000000000000000000000000F4
:10A8640000000000000000000000000000000000E4
:10A8740000000000000000000000000000000000D4
:10A8840000000000000000000000000000000000C4
:10A8940000000000000000000000000000000000B4
:10A8A40000000000000000000000000000000000A4
:10A8B4000000000000000000000000000000000094
:10A8C4000000000000000000000000000000000084
:10A8D4000000000000000000000000000000000074
:10A8E4000000000000000000000000000000000064
:10A8F4000000000000000000000000000000000054
:10A904000000000000000000000000000000000043
:10A914000000000000000000000000000000000033
:10A924000000000000000000000000000000000023
:10A934000000000000000000000000000000000013
:10A944000000000000000000000000000000000003
:10A9540000000000000000000000000000000000F3
:10A9640000000000000000000000000000000000E3
:10A9740000000000000000000000000000000000D3
:10A9840000000000000000000000000000000000C3
:10A9940000000000000000000000000000000000B3
:10A9A40000000000000000000000000000000000A3
:10A9B4000000000000000000000000000000000093
:10A9C4000000000000000000000000000000000083
:10A9D4000000000000000000000000000000000073
:10A9E4000000000000000000000000000000000063
:10A9F4000000000000000000000000000000000053
:10AA04000000000000000000000000000000000042
:10AA14000000000000000000000000000000000032
:10AA24000000000000000000000000000000000022
:10AA34000000000000000000000000000000000012
:10AA44000000000000000000000000000000000002
:10AA540000000000000000000000000000000000F2
:10AA640000000000000000000000000000000000E2
:10AA740000000000000000000000000000000000D2
:10AA840000000000000000000000000000000000C2
:10AA940000000000000000000000000000000000B2
:10AAA40000000000000000000000000000000000A2
:10AAB4000000000000000000000000000000000092
:10AAC4000000000000000000000000000000000082
:10AAD4000000000000000000000000000000000072
:10AAE4000000000000000000000000000000000062
:10AAF4000000000000000000000000000000000052
:10AB04000000000000000000000000000000000041
:10AB14000000000000000000000000000000000031
:10AB24000000000000000000000000000000000021
:10AB34000000000000000000000000000000000011
:10AB44000000000000000000000000000000000001
:10AB540000000000000000000000000000000000F1
:10AB640000000000000000000000000000000000E1
:10AB740000000000000000000000000000000000D1
:10AB840000000000000000000000000000000000C1
:10AB940000000000000000000000000000000000B1
:10ABA40000000000000000000000000000000000A1
:10ABB4000000000000000000000000000000000091
:10ABC4000000000000000000000000000000000081
:10ABD4000000000000000000000000000000000071
:10ABE4000000000000000000000000000000000061
:10ABF4000000000000000000000000000000000051
:10AC04000000000000000000000000000000000040
:10AC14000000000000000000000000000000000030
:10AC24000000000000000000000000000000000020
:10AC34000000000000000000000000000000000010
:10AC44000000000000000000000000000000000000
:10AC540000000000000000000000000000000000F0
:10AC640000000000000000000000000000000000E0
:10AC740000000000000000000000000000000000D0
:10AC840000000000000000000000000000000000C0
:10AC940000000000000000000000000000000000B0
:10ACA40000000000000000000000000000000000A0
:10ACB4000000000000000000000000000000000090
:10ACC4000000000000000000000000000000000080
:10ACD4000000000000000000000000000000000070
:10ACE4000000000000000000000000000000000060
:10ACF4000000000000000000000000000000000050
:10AD0400000000000000000000000000000000003F
:10AD1400000000000000000000000000000000002F
:10AD2400000000000000000000000000000000001F
:10AD3400000000000000000000000000000000000F
:10AD440000000000000000000000000000000000FF
:10AD540000000000000000000000000000000000EF
:10AD640000000000000000000000000000000000DF
:10AD740000000000000000000000000000000000CF
:10AD840000000000000000000000000000000000BF
:10AD940000000000000000000000000000000000AF
:10ADA400000000000000000000000000000000009F
:10ADB400000000000000000000000000000000008F
:10ADC400000000000000000000000000000000007F
:10ADD400000000000000000000000000000000006F
:10ADE400000000000000000000000000000000005F
:10ADF400000000000000000000000000000000004F
:10AE0400000000000000000000000000000000003E
:10AE1400000000000000000000000000000000002E
:10AE2400000000000000000000000000000000001E
:10AE3400000000000000000000000000000000000E
:10AE440000000000000000000000000000000000FE
:10AE540000000000000000000000000000000000EE
:10AE640000000000000000000000000000000000DE
:10AE740000000000000000000000000000000000CE
:10AE840000000000000000000000000000000000BE
:10AE940000000000000000000000000000000000AE
:10AEA400000000000000000000000000000000009E
:10AEB400000000000000000000000000000000008E
:10AEC400000000000000000000000000000000007E
:10AED400000000000000000000000000000000006E
:10AEE400000000000000000000000000000000005E
:10AEF400000000000000000000000000000000004E
:10AF0400000000000000000000000000000000003D
:10AF1400000000000000000000000000000000002D
:10AF2400000000000000000000000000000000001D
:10AF3400000000000000000000000000000000000D
:10AF440000000000000000000000000000000000FD
:10AF540000000000000000000000000000000000ED
:10AF640000000000000000000000000000000000DD
:10AF740000000000000000000000000000000000CD
:10AF840000000000000000000000000000000000BD
:10AF940000000000000000000000000000000000AD
:10AFA400000000000000000000000000000000009D
:10AFB400000000000000000000000000000000008D
:10AFC400000000000000000000000000000000007D
:10AFD400000000000000000000000000000000006D
:10AFE400000000000000000000000000000000005D
:10AFF400000000000000000000000000000000004D
:10B00400000000000000000000000000000000003C
:10B01400000000000000000000000000000000002C
:10B02400000000000000000000000000000000001C
:10B03400000000000000000000000000000000000C
:10B0440000000000000000000000000000000000FC
:10B0540000000000000000000000000000000000EC
:10B0640000000000000000000000000000000000DC
:10B0740000000000000000000000000000000000CC
:10B0840000000000000000000000000000000000BC
:10B0940000000000000000000000000000000000AC
:10B0A400000000000000000000000000000000009C
:10B0B400000000000000000000000000000000008C
:10B0C400000000000000000000000000000000007C
:10B0D400000000000000000000000000000000006C
:10B0E400000000000000000000000000000000005C
:10B0F400000000000000000000000000000000004C
:10B10400000000000000000000000000000000003B
:10B11400000000000000000000000000000000002B
:10B12400000000000000000000000000000000001B
:10B13400000000000000000000000000000000000B
:10B1440000000000000000000000000000000000FB
:10B1540000000000000000000000000000000000EB
:10B1640000000000000000000000000000000000DB
:10B1740000000000000000000000000000000000CB
:10B1840000000000000000000000000000000000BB
:10B1940000000000000000000000000000000000AB
:10B1A400000000000000000000000000000000009B
:10B1B400000000000000000000000000000000008B
:10B1C400000000000000000000000000000000007B
:10B1D400000000000000000000000000000000006B
:10B1E400000000000000000000000000000000005B
:10B1F400000000000000000000000000000000004B
:10B20400000000000000000000000000000000003A
:10B21400000000000000000000000000000000002A
:10B22400000000000000000000000000000000001A
:10B23400000000000000000000000000000000000A
:10B2440000000000000000000000000000000000FA
:10B2540000000000000000000000000000000000EA
:10B2640000000000000000000000000000000000DA
:10B2740000000000000000000000000000000000CA
:10B2840000000000000000000000000000000000BA
:10B2940000000000000000000000000000000000AA
:10B2A400000000000000000000000000000000009A
:10B2B400000000000000000000000000000000008A
:10B2C400000000000000000000000000000000007A
:10B2D400000000000000000000000000000000006A
:10B2E400000000000000000000000000000000005A
:10B2F400000000000000000000000000000000004A
:10B304000000000000000000000000000000000039
:10B314000000000000000000000000000000000029
:10B324000000000000000000000000000000000019
:10B334000000000000000000000000000000000009
:10B3440000000000000000000000000000000000F9
:10B3540000000000000000000000000000000000E9
:10B3640000000000000000000000000000000000D9
:10B3740000000000000000000000000000000000C9
:10B3840000000000000000000000000000000000B9
:10B3940000000000000000000000000000000000A9
:10B3A4000000000000000000000000000000000099
:10B3B4000000000000000000000000000000000089
:10B3C4000000000000000000000000000000000079
:10B3D4000000000000000000000000000000000069
:10B3E4000000000000000000000000000000000059
:10B3F4000000000000000000000000000000000049
:10B404000000000000000000000000000000000038
:10B414000000000000000000000000000000000028
:10B424000000000000000000000000000000000018
:10B434000000000000000000000000000000000008
:10B4440000000000000000000000000000000000F8
:10B4540000000000000000000000000000000000E8
:10B4640000000000000000000000000000000000D8
:10B4740000000000000000000000000000000000C8
:10B4840000000000000000000000000000000000B8
:10B4940000000000000000000000000000000000A8
:10B4A4000000000000000000000000000000000098
:10B4B4000000000000000000000000000000000088
:10B4C4000000000000000000000000000000000078
:10B4D4000000000000000000000000000000000068
:10B4E4000000000000000000000000000000000058
:10B4F4000000000000000000000000000000000048
:10B504000000000000000000000000000000000037
:10B514000000000000000000000000000000000027
:10B524000000000000000000000000000000000017
:10B534000000000000000000000000000000000007
:10B5440000000000000000000000000000000000F7
:10B5540000000000000000000000000000000000E7
:10B5640000000000000000000000000000000000D7
:10B5740000000000000000000000000000000000C7
:10B5840000000000000000000000000000000000B7
:10B5940000000000000000000000000000000000A7
:10B5A4000000000000000000000000000000000097
:10B5B4000000000000000000000000000000000087
:10B5C4000000000000000000000000000000000077
:10B5D4000000000000000000000000000000000067
:10B5E4000000000000000000000000000000000057
:10B5F4000000000000000000000000000000000047
:10B604000000000000000000000000000000000036
:10B614000000000000000000000000000000000026
:10B624000000000000000000000000000000000016
:10B634000000000000000000000000000000000006
:10B6440000000000000000000000000000000000F6
:10B6540000000000000000000000000000000000E6
:10B6640000000000000000000000000000000000D6
:10B6740000000000000000000000000000000000C6
:10B6840000000000000000000000000000000000B6
:10B6940000000000000000000000000000000000A6
:10B6A4000000000000000000000000000000000096
:10B6B4000000000000000000000000000000000086
:10B6C4000000000000000000000000000000000076
:10B6D4000000000000000000000000000000000066
:10B6E4000000000000000000000000000000000056
:10B6F4000000000000000000000000000000000046
:10B704000000000000000000000000000000000035
:10B714000000000000000000000000000000000025
:10B724000000000000000000000000000000000015
:10B734000000000000000000000000000000000005
:10B7440000000000000000000000000000000000F5
:10B7540000000000000000000000000000000000E5
:10B7640000000000000000000000000000000000D5
:10B7740000000000000000000000000000000000C5
:10B7840000000000000000000000000000000000B5
:10B7940000000000000000000000000000000000A5
:10B7A4000000000000000000000000000000000095
:10B7B4000000000000000000000000000000000085
:10B7C4000000000000000000000000000000000075
:10B7D4000000000000000000000000000000000065
:10B7E4000000000000000000000000000000000055
:10B7F4000000000000000000000000000000000045
:10B804000000000000000000000000000000000034
:10B814000000000000000000000000000000000024
:10B824000000000000000000000000000000000014
:10B834000000000000000000000000000000000004
:10B8440000000000000000000000000000000000F4
:10B8540000000000000000000000000000000000E4
:10B8640000000000000000000000000000000000D4
:10B8740000000000000000000000000000000000C4
:10B8840000000000000000000000000000000000B4
:10B8940000000000000000000000000000000000A4
:10B8A4000000000000000000000000000000000094
:10B8B4000000000000000000000000000000000084
:10B8C4000000000000000000000000000000000074
:10B8D4000000000000000000000000000000000064
:10B8E4000000000000000000000000000000000054
:10B8F4000000000000000000000000000000000044
:10B904000000000000000000000000000000000033
:10B914000000000000000000000000000000000023
:10B924000000000000000000000000000000000013
:10B934000000000000000000000000000000000003
:10B9440000000000000000000000000000000000F3
:10B9540000000000000000000000000000000000E3
:10B9640000000000000000000000000000000000D3
:10B9740000000000000000000000000000000000C3
:10B9840000000000000000000000000000000000B3
:10B9940000000000000000000000000000000000A3
:10B9A4000000000000000000000000000000000093
:10B9B4000000000000000000000000000000000083
:10B9C4000000000000000000000000000000000073
:10B9D4000000000000000000000000000000000063
:10B9E4000000000000000000000000000000000053
:10B9F4000000000000000000000000000000000043
:10BA04000000000000000000000000000000000032
:10BA14000000000000000000000000000000000022
:10BA24000000000000000000000000000000000012
:10BA34000000000000000000000000000000000002
:10BA440000000000000000000000000000000000F2
:10BA540000000000000000000000000000000000E2
:10BA640000000000000000000000000000000000D2
:10BA740000000000000000000000000000000000C2
:10BA840000000000000000000000000000000000B2
:10BA940000000000000000000000000000000000A2
:10BAA4000000000000000000000000000000000092
:10BAB4000000000000000000000000000000000082
:10BAC4000000000000000000000000000000000072
:10BAD4000000000000000000000000000000000062
:10BAE4000000000000000000000000000000000052
:10BAF4000000000000000000000000000000000042
:10BB04000000000000000000000000000000000031
:10BB14000000000000000000000000000000000021
:10BB24000000000000000000000000000000000011
:10BB34000000000000000000000000000000000001
:10BB440000000000000000000000000000000000F1
:10BB540000000000000000000000000000000000E1
:10BB640000000000000000000000000000000000D1
:10BB740000000000000000000000000000000000C1
:10BB840000000000000000000000000000000000B1
:10BB940000000000000000000000000000000000A1
:10BBA4000000000000000000000000000000000091
:10BBB4000000000000000000000000000000000081
:10BBC4000000000000000000000000000000000071
:10BBD4000000000000000000000000000000000061
:10BBE4000000000000000000000000000000000051
:10BBF4000000000000000000000000000000000041
:10BC04000000000000000000000000000000000030
:10BC14000000000000000000000000000000000020
:10BC24000000000000000000000000000000000010
:10BC34000000000000000000000000000000000000
:10BC440000000000000000000000000000000000F0
:10BC540000000000000000000000000000000000E0
:10BC640000000000000000000000000000000000D0
:10BC740000000000000000000000000000000000C0
:10BC840000000000000000000000000000000000B0
:10BC940000000000000000000000000000000000A0
:10BCA4000000000000000000000000000000000090
:10BCB4000000000000000000000000000000000080
:10BCC4000000000000000000000000000000000070
:10BCD4000000000000000000000000000000000060
:10BCE4000000000000000000000000000000000050
:10BCF4000000000000000000000000000000000040
:10BD0400000000000000000000000000000000002F
:10BD1400000000000000000000000000000000001F
:10BD2400000000000000000000000000000000000F
:10BD340000000000000000000000000000000000FF
:10BD440000000000000000000000000000000000EF
:10BD540000000000000000000000000000000000DF
:10BD640000000000000000000000000000000000CF
:10BD740000000000000000000000000000000000BF
:10BD840000000000000000000000000000000000AF
:10BD9400000000000000000000000000000000009F
:10BDA400000000000000000000000000000000008F
:10BDB400000000000000000000000000000000007F
:10BDC400000000000000000000000000000000006F
:10BDD400000000000000000000000000000000005F
:10BDE400000000000000000000000000000000004F
:10BDF400000000000000000000000000000000003F
:10BE0400000000000000000000000000000000002E
:10BE1400000000000000000000000000000000001E
:10BE2400000000000000000000000000000000000E
:10BE340000000000000000000000000000000000FE
:10BE440000000000000000000000000000000000EE
:10BE540000000000000000000000000000000000DE
:10BE640000000000000000000000000000000000CE
:10BE740000000000000000000000000000000000BE
:10BE840000000000000000000000000000000000AE
:10BE9400000000000000000000000000000000009E
:10BEA400000000000000000000000000000000008E
:10BEB400000000000000000000000000000000007E
:10BEC400000000000000000000000000000000006E
:10BED400000000000000000000000000000000005E
:10BEE400000000000000000000000000000000004E
:10BEF400000000000000000000000000000000003E
:10BF0400000000000000000000000000000000002D
:10BF1400000000000000000000000000000000001D
:10BF2400000000000000000000000000000000000D
:10BF340000000000000000000000000000000000FD
:10BF440000000000000000000000000000000000ED
:10BF540000000000000000000000000000000000DD
:10BF640000000000000000000000000000000000CD
:10BF740000000000000000000000000000000000BD
:10BF840000000000000000000000000000000000AD
:10BF9400000000000000000000000000000000009D
:10BFA400000000000000000000000000000000008D
:10BFB400000000000000000000000000000000007D
:10BFC400000000000000000000000000000000006D
:10BFD400000000000000000000000000000000005D
:10BFE400000000000000000000000000000000004D
:10BFF400000000000000000000000000000000003D
:10C00400000000000000000000000000000000002C
:10C01400000000000000000000000000000000001C
:10C02400000000000000000000000000000000000C
:10C0340000000000000000000000000000000000FC
:10C0440000000000000000000000000000000000EC
:10C0540000000000000000000000000000000000DC
:10C0640000000000000000000000000000000000CC
:10C0740000000000000000000000000000000000BC
:10C0840000000000000000000000000000000000AC
:10C09400000000000000000000000000000000009C
:10C0A400000000000000000000000000000000008C
:10C0B400000000000000000000000000000000007C
:10C0C400000000000000000000000000000000006C
:10C0D400000000000000000000000000000000005C
:10C0E400000000000000000000000000000000004C
:10C0F400000000000000000000000000000000003C
:10C10400000000000000000000000000000000002B
:10C11400000000000000000000000000000000001B
:10C12400000000000000000000000000000000000B
:10C1340000000000000000000000000000000000FB
:10C1440000000000000000000000000000000000EB
:10C1540000000000000000000000000000000000DB
:10C1640000000000000000000000000000000000CB
:10C1740000000000000000000000000000000000BB
:10C1840000000000000000000000000000000000AB
:10C19400000000000000000000000000000000009B
:10C1A400000000000000000000000000000000008B
:10C1B400000000000000000000000000000000007B
:10C1C400000000000000000000000000000000006B
:10C1D400000000000000000000000000000000005B
:10C1E400000000000000000000000000000000004B
:10C1F400000000000000000000000000000000003B
:10C20400000000000000000000000000000000002A
:10C21400000000000000000000000000000000001A
:10C22400000000000000000000000000000000000A
:10C2340000000000000000000000000000000000FA
:10C2440000000000000000000000000000000000EA
:10C2540000000000000000000000000000000000DA
:10C2640000000000000000000000000000000000CA
:10C2740000000000000000000000000000000000BA
:10C2840000000000000000000000000000000000AA
:10C29400000000000000000000000000000000009A
:10C2A400000000000000000000000000000000008A
:10C2B400000000000000000000000000000000007A
:10C2C400000000000000000000000000000000006A
:10C2D400000000000000000000000000000000005A
:10C2E400000000000000000000000000000000004A
:10C2F400000000000000000000000000000000003A
:10C304000000000000000000000000000000000029
:10C314000000000000000000000000000000000019
:10C324000000000000000000000000000000000009
:10C3340000000000000000000000000000000000F9
:10C3440000000000000000000000000000000000E9
:10C3540000000000000000000000000000000000D9
:10C3640000000000000000000000000000000000C9
:10C3740000000000000000000000000000000000B9
:10C3840000000000000000000000000000000000A9
:10C394000000000000000000000000000000000099
:10C3A4000000000000000000000000000000000089
:10C3B4000000000000000000000000000000000079
:10C3C4000000000000000000000000000000000069
:10C3D4000000000000000000000000000000000059
:10C3E4000000000000000000000000000000000049
:10C3F4000000000000000000000000000000000039
:10C404000000000000000000000000000000000028
:10C414000000000000000000000000000000000018
:10C424000000000000000000000000000000000008
:10C4340000000000000000000000000000000000F8
:10C4440000000000000000000000000000000000E8
:10C4540000000000000000000000000000000000D8
:10C4640000000000000000000000000000000000C8
:10C4740000000000000000000000000000000000B8
:10C4840000000000000000000000000000000000A8
:10C494000000000000000000000000000000000098
:10C4A4000000000000000000000000000000000088
:10C4B4000000000000000000000000000000000078
:10C4C4000000000000000000000000000000000068
:10C4D4000000000000000000000000000000000058
:10C4E4000000000000000000000000000000000048
:10C4F4000000000000000000000000000000000038
:10C504000000000000000000000000000000000027
:10C514000000000000000000000000000000000017
:10C524000000000000000000000000000000000007
:10C5340000000000000000000000000000000000F7
:10C5440000000000000000000000000000000000E7
:10C5540000000000000000000000000000000000D7
:10C5640000000000000000000000000000000000C7
:10C5740000000000000000000000000000000000B7
:10C5840000000000000000000000000000000000A7
:10C594000000000000000000000000000000000097
:10C5A4000000000000000000000000000000000087
:10C5B4000000000000000000000000000000000077
:10C5C4000000000000000000000000000000000067
:10C5D4000000000000000000000000000000000057
:10C5E4000000000000000000000000000000000047
:10C5F4000000000000000000000000000000000037
:10C604000000000000000000000000000000000026
:10C614000000000000000000000000000000000016
:10C624000000000000000000000000000000000006
:10C6340000000000000000000000000000000000F6
:10C6440000000000000000000000000000000000E6
:10C6540000000000000000000000000000000000D6
:10C6640000000000000000000000000000000000C6
:10C6740000000000000000000000000000000000B6
:10C6840000000000000000000000000000000000A6
:10C694000000000000000000000000000000000096
:10C6A4000000000000000000000000000000000086
:10C6B4000000000000000000000000000000000076
:10C6C4000000000000000000000000000000000066
:10C6D4000000000000000000000000000000000056
:10C6E4000000000000000000000000000000000046
:10C6F4000000000000000000000000000000000036
:10C704000000000000000000000000000000000025
:10C714000000000000000000000000000000000015
:10C724000000000000000000000000000000000005
:10C7340000000000000000000000000000000000F5
:10C7440000000000000000000000000000000000E5
:10C7540000000000000000000000000000000000D5
:10C7640000000000000000000000000000000000C5
:10C7740000000000000000000000000000000000B5
:10C7840000000000000000000000000000000000A5
:10C794000000000000000000000000000000000095
:10C7A4000000000000000000000000000000000085
:10C7B4000000000000000000000000000000000075
:10C7C4000000000000000000000000000000000065
:10C7D4000000000000000000000000000000000055
:10C7E4000000000000000000000000000000000045
:10C7F4000000000000000000000000000000000035
:10C804000000000000000000000000000000000024
:10C814000000000000000000000000000000000014
:10C824000000000000000000000000000000000004
:10C8340000000000000000000000000000000000F4
:10C8440000000000000000000000000000000000E4
:10C8540000000000000000000000000000000000D4
:10C8640000000000000000000000000000000000C4
:10C8740000000000000000000000000000000000B4
:10C8840000000000000000000000000000000000A4
:10C894000000000000000000000000000000000094
:10C8A4000000000000000000000000000000000084
:10C8B4000000000000000000000000000000000074
:10C8C4000000000000000000000000000000000064
:10C8D4000000000000000000000000000000000054
:10C8E4000000000000000000000000000000000044
:10C8F4000000000000000000000000000000000034
:10C904000000000000000000000000000000000023
:10C914000000000000000000000000000000000013
:10C924000000000000000000000000000000000003
:10C9340000000000000000000000000000000000F3
:10C9440000000000000000000000000000000000E3
:10C9540000000000000000000000000000000000D3
:10C9640000000000000000000000000000000000C3
:10C9740000000000000000000000000000000000B3
:10C9840000000000000000000000000000000000A3
:10C994000000000000000000000000000000000093
:10C9A4000000000000000000000000000000000083
:10C9B4000000000000000000000000000000000073
:10C9C4000000000000000000000000000000000063
:10C9D4000000000000000000000000000000000053
:10C9E4000000000000000000000000000000000043
:10C9F4000000000000000000000000000000000033
:10CA04000000000000000000000000000000000022
:10CA14000000000000000000000000000000000012
:10CA24000000000000000000000000000000000002
:10CA340000000000000000000000000000000000F2
:10CA440000000000000000000000000000000000E2
:10CA540000000000000000000000000000000000D2
:10CA640000000000000000000000000000000000C2
:10CA740000000000000000000000000000000000B2
:10CA840000000000000000000000000000000000A2
:10CA94000000000000000000000000000000000092
:10CAA4000000000000000000000000000000000082
:10CAB4000000000000000000000000000000000072
:10CAC4000000000000000000000000000000000062
:10CAD4000000000000000000000000000000000052
:10CAE4000000000000000000000000000000000042
:10CAF4000000000000000000000000000000000032
:10CB04000000000000000000000000000000000021
:10CB14000000000000000000000000000000000011
:10CB24000000000000000000000000000000000001
:10CB340000000000000000000000000000000000F1
:10CB440000000000000000000000000000000000E1
:10CB540000000000000000000000000000000000D1
:10CB640000000000000000000000000000000000C1
:10CB740000000000000000000000000000000000B1
:10CB840000000000000000000000000000000000A1
:10CB94000000000000000000000000000000000091
:10CBA4000000000000000000000000000000000081
:10CBB4000000000000000000000000000000000071
:10CBC4000000000000000000000000000000000061
:10CBD4000000000000000000000000000000000051
:10CBE4000000000000000000000000000000000041
:10CBF4000000000000000000000000000000000031
:10CC04000000000000000000000000000000000020
:10CC14000000000000000000000000000000000010
:10CC24000000000000000000000000000000000000
:10CC340000000000000000000000000000000000F0
:10CC440000000000000000000000000000000000E0
:10CC540000000000000000000000000000000000D0
:10CC640000000000000000000000000000000000C0
:10CC740000000000000000000000000000000000B0
:10CC840000000000000000000000000000000000A0
:10CC94000000000000000000000000000000000090
:10CCA4000000000000000000000000000000000080
:10CCB4000000000000000000000000000000000070
:10CCC4000000000000000000000000000000000060
:10CCD4000000000000000000000000000000000050
:10CCE4000000000000000000000000000000000040
:10CCF4000000000000000000000000000000000030
:10CD0400000000000000000000000000000000001F
:10CD1400000000000000000000000000000000000F
:10CD240000000000000000000000000000000000FF
:10CD340000000000000000000000000000000000EF
:10CD440000000000000000000000000000000000DF
:10CD540000000000000000000000000000000000CF
:10CD640000000000000000000000000000000000BF
:10CD740000000000000000000000000000000000AF
:10CD8400000000000000000000000000000000009F
:10CD9400000000000000000000000000000000008F
:10CDA400000000000000000000000000000000007F
:10CDB400000000000000000000000000000000006F
:10CDC400000000000000000000000000000000005F
:10CDD400000000000000000000000000000000004F
:10CDE400000000000000000000000000000000003F
:10CDF400000000000000000000000000000000002F
:10CE0400000000000000000000000000000000001E
:10CE1400000000000000000000000000000000000E
:10CE240000000000000000000000000000000000FE
:10CE340000000000000000000000000000000000EE
:10CE440000000000000000000000000000000000DE
:10CE540000000000000000000000000000000000CE
:10CE640000000000000000000000000000000000BE
:10CE740000000000000000000000000000000000AE
:10CE8400000000000000000000000000000000009E
:10CE9400000000000000000000000000000000008E
:10CEA400000000000000000000000000000000007E
:10CEB400000000000000000000000000000000006E
:10CEC400000000000000000000000000000000005E
:10CED400000000000000000000000000000000004E
:10CEE400000000000000000000000000000000003E
:10CEF400000000000000000000000000000000002E
:10CF0400000000000000000000000000000000001D
:10CF1400000000000000000000000000000000000D
:10CF240000000000000000000000000000000000FD
:10CF340000000000000000000000000000000000ED
:10CF440000000000000000000000000000000000DD
:10CF540000000000000000000000000000000000CD
:10CF640000000000000000000000000000000000BD
:10CF740000000000000000000000000000000000AD
:10CF8400000000000000000000000000000000009D
:10CF9400000000000000000000000000000000008D
:10CFA400000000000000000000000000000000007D
:10CFB400000000000000000000000000000000006D
:10CFC400000000000000000000000000000000005D
:10CFD400000000000000000000000000000000004D
:10CFE400000000000000000000000000000000003D
:10CFF400000000000000000000000000000000002D
:10D00400000000000000000000000000000000001C
:10D01400000000000000000000000000000000000C
:10D0240000000000000000000000000000000000FC
:10D0340000000000000000000000000000000000EC
:10D0440000000000000000000000000000000000DC
:10D0540000000000000000000000000000000000CC
:10D0640000000000000000000000000000000000BC
:10D0740000000000000000000000000000000000AC
:10D08400000000000000000000000000000000009C
:10D09400000000000000000000000000000000008C
:10D0A400000000000000000000000000000000007C
:10D0B400000000000000000000000000000000006C
:10D0C400000000000000000000000000000000005C
:10D0D400000000000000000000000000000000004C
:10D0E400000000000000000000000000000000003C
:10D0F400000000000000000000000000000000002C
:10D10400000000000000000000000000000000001B
:10D11400000000000000000000000000000000000B
:10D1240000000000000000000000000000000000FB
:10D1340000000000000000000000000000000000EB
:10D1440000000000000000000000000000000000DB
:10D1540000000000000000000000000000000000CB
:10D1640000000000000000000000000000000000BB
:10D1740000000000000000000000000000000000AB
:10D18400000000000000000000000000000000009B
:10D19400000000000000000000000000000000008B
:10D1A400000000000000000000000000000000007B
:10D1B400000000000000000000000000000000006B
:10D1C400000000000000000000000000000000005B
:10D1D400000000000000000000000000000000004B
:10D1E400000000000000000000000000000000003B
:10D1F400000000000000000000000000000000002B
:10D20400000000000000000000000000000000001A
:10D21400000000000000000000000000000000000A
:10D2240000000000000000000000000000000000FA
:10D2340000000000000000000000000000000000EA
:10D2440000000000000000000000000000000000DA
:10D2540000000000000000000000000000000000CA
:10D2640000000000000000000000000000000000BA
:10D2740000000000000000000000000000000000AA
:10D28400000000000000000000000000000000009A
:10D29400000000000000000000000000000000008A
:10D2A400000000000000000000000000000000007A
:10D2B400000000000000000000000000000000006A
:10D2C400000000000000000000000000000000005A
:10D2D400000000000000000000000000000000004A
:10D2E400000000000000000000000000000000003A
:10D2F400000000000000000000000000000000002A
:10D304000000000000000000000000000000000019
:10D314000000000000000000000000000000000009
:10D3240000000000000000000000000000000000F9
:10D3340000000000000000000000000000000000E9
:10D3440000000000000000000000000000000000D9
:10D3540000000000000000000000000000000000C9
:10D3640000000000000000000000000000000000B9
:10D3740000000000000000000000000000000000A9
:10D384000000000000000000000000000000000099
:10D394000000000000000000000000000000000089
:10D3A4000000000000000000000000000000000079
:10D3B4000000000000000000000000000000000069
:10D3C4000000000000000000000000000000000059
:10D3D4000000000000000000000000000000000049
:10D3E4000000000000000000000000000000000039
:10D3F4000000000000000000000000000000000029
:10D404000000000000000000000000000000000018
:10D414000000000000000000000000000000000008
:10D4240000000000000000000000000000000000F8
:10D4340000000000000000000000000000000000E8
:10D4440000000000000000000000000000000000D8
:10D4540000000000000000000000000000000000C8
:10D4640000000000000000000000000000000000B8
:10D4740000000000000000000000000000000000A8
:10D484000000000000000000000000000000000098
:10D494000000000000000000000000000000000088
:10D4A4000000000000000000000000000000000078
:10D4B4000000000000000000000000000000000068
:10D4C4000000000000000000000000000000000058
:10D4D4000000000000000000000000000000000048
:10D4E4000000000000000000000000000000000038
:10D4F4000000000000000000000000000000000028
:10D504000000000000000000000000000000000017
:10D514000000000000000000000000000000000007
:10D5240000000000000000000000000000000000F7
:10D5340000000000000000000000000000000000E7
:10D5440000000000000000000000000000000000D7
:10D5540000000000000000000000000000000000C7
:10D5640000000000000000000000000000000000B7
:10D5740000000000000000000000000000000000A7
:10D584000000000000000000000000000000000097
:10D594000000000000000000000000000000000087
:10D5A4000000000000000000000000000000000077
:10D5B4000000000000000000000000000000000067
:10D5C4000000000000000000000000000000000057
:10D5D4000000000000000000000000000000000047
:10D5E4000000000000000000000000000000000037
:10D5F4000000000000000000000000000000000027
:10D604000000000000000000000000000000000016
:10D614000000000000000000000000000000000006
:10D6240000000000000000000000000000000000F6
:10D6340000000000000000000000000000000000E6
:10D6440000000000000000000000000000000000D6
:10D6540000000000000000000000000000000000C6
:10D6640000000000000000000000000000000000B6
:10D6740000000000000000000000000000000000A6
:10D684000000000000000000000000000000000096
:10D694000000000000000000000000000000000086
:10D6A4000000000000000000000000000000000076
:10D6B4000000000000000000000000000000000066
:10D6C4000000000000000000000000000000000056
:10D6D4000000000000000000000000000000000046
:10D6E4000000000000000000000000000000000036
:10D6F4000000000000000000000000000000000026
:10D704000000000000000000000000000000000015
:10D714000000000000000000000000000000000005
:10D7240000000000000000000000000000000000F5
:10D7340000000000000000000000000000000000E5
:10D7440000000000000000000000000000000000D5
:10D7540000000000000000000000000000000000C5
:10D7640000000000000000000000000000000000B5
:10D7740000000000000000000000000000000000A5
:10D784000000000000000000000000000000000095
:10D794000000000000000000000000000000000085
:10D7A4000000000000000000000000000000000075
:10D7B4000000000000000000000000000000000065
:10D7C4000000000000000000000000000000000055
:10D7D4000000000000000000000000000000000045
:10D7E4000000000000000000000000000000000035
:10D7F4000000000000000000000000000000000025
:10D804000000000000000000000000000000000014
:10D814000000000000000000000000000000000004
:10D8240000000000000000000000000000000000F4
:10D8340000000000000000000000000000000000E4
:10D8440000000000000000000000000000000000D4
:10D8540000000000000000000000000000000000C4
:10D8640000000000000000000000000000000000B4
:10D8740000000000000000000000000000000000A4
:10D884000000000000000000000000000000000094
:10D894000000000000000000000000000000000084
:10D8A4000000000000000000000000000000000074
:10D8B4000000000000000000000000000000000064
:10D8C4000000000000000000000000000000000054
:10D8D4000000000000000000000000000000000044
:10D8E4000000000000000000000000000000000034
:10D8F4000000000000000000000000000000000024
:10D904000000000000000000000000000000000013
:10D914000000000000000000000000000000000003
:10D9240000000000000000000000000000000000F3
:10D9340000000000000000000000000000000000E3
:10D9440000000000000000000000000000000000D3
:10D9540000000000000000000000000000000000C3
:10D9640000000000000000000000000000000000B3
:10D9740000000000000000000000000000000000A3
:10D984000000000000000000000000000000000093
:10D994000000000000000000000000000000000083
:10D9A4000000000000000000000000000000000073
:10D9B4000000000000000000000000000000000063
:10D9C4000000000000000000000000000000000053
:10D9D4000000000000000000000000000000000043
:10D9E4000000000000000000000000000000000033
:10D9F4000000000000000000000000000000000023
:10DA04000000000000000000000000000000000012
:10DA14000000000000000000000000000000000002
:10DA240000000000000000000000000000000000F2
:10DA340000000000000000000000000000000000E2
:10DA440000000000000000000000000000000000D2
:10DA540000000000000000000000000000000000C2
:10DA640000000000000000000000000000000000B2
:10DA740000000000000000000000000000000000A2
:10DA84000000000000000000000000000000000092
:10DA94000000000000000000000000000000000082
:10DAA4000000000000000000000000000000000072
:10DAB4000000000000000000000000000000000062
:10DAC4000000000000000000000000000000000052
:10DAD4000000000000000000000000000000000042
:10DAE4000000000000000000000000000000000032
:10DAF4000000000000000000000000000000000022
:10DB04000000000000000000000000000000000011
:10DB14000000000000000000000000000000000001
:10DB240000000000000000000000000000000000F1
:10DB340000000000000000000000000000000000E1
:10DB440000000000000000000000000000000000D1
:10DB540000000000000000000000000000000000C1
:10DB640000000000000000000000000000000000B1
:10DB740000000000000000000000000000000000A1
:10DB84000000000000000000000000000000000091
:10DB94000000000000000000000000000000000081
:10DBA4000000000000000000000000000000000071
:10DBB4000000000000000000000000000000000061
:10DBC4000000000000000000000000000000000051
:10DBD4000000000000000000000000000000000041
:10DBE4000000000000000000000000000000000031
:10DBF4000000000000000000000000000000000021
:10DC04000000000000000000000000000000000010
:10DC14000000000000000000000000000000000000
:10DC240000000000000000000000000000000000F0
:10DC340000000000000000000000000000000000E0
:10DC440000000000000000000000000000000000D0
:10DC540000000000000000000000000000000000C0
:10DC640000000000000000000000000000000000B0
:10DC740000000000000000000000000000000000A0
:10DC84000000000000000000000000000000000090
:10DC94000000000000000000000000000000000080
:10DCA4000000000000000000000000000000000070
:10DCB4000000000000000000000000000000000060
:10DCC4000000000000000000000000000000000050
:10DCD4000000000000000000000000000000000040
:10DCE4000000000000000000000000000000000030
:10DCF4000000000000000000000000000000000020
:10DD0400000000000000000000000000000000000F
:10DD140000000000000000000000000000000000FF
:10DD240000000000000000000000000000000000EF
:10DD340000000000000000000000000000000000DF
:10DD440000000000000000000000000000000000CF
:10DD540000000000000000000000000000000000BF
:10DD640000000000000000000000000000000000AF
:10DD7400000000000000000000000000000000009F
:10DD8400000000000000000000000000000000008F
:10DD9400000000000000000000000000000000007F
:10DDA400000000000000000000000000000000006F
:10DDB400000000000000000000000000000000005F
:10DDC400000000000000000000000000000000004F
:10DDD400000000000000000000000000000000003F
:10DDE400000000000000000000000000000000002F
:10DDF400000000000000000000000000000000001F
:10DE0400000000000000000000000000000000000E
:10DE140000000000000000000000000000000000FE
:10DE240000000000000000000000000000000000EE
:10DE340000000000000000000000000000000000DE
:10DE440000000000000000000000000000000000CE
:10DE540000000000000000000000000000000000BE
:10DE640000000000000000000000000000000000AE
:10DE7400000000000000000000000000000000009E
:10DE8400000000000000000000000000000000008E
:10DE9400000000000000000000000000000000007E
:10DEA400000000000000000000000000000000006E
:10DEB400000000000000000000000000000000005E
:10DEC400000000000000000000000000000000004E
:10DED400000000000000000000000000000000003E
:10DEE400000000000000000000000000000000002E
:10DEF400000000000000000000000000000000001E
:10DF0400000000000000000000000000000000000D
:10DF140000000000000000000000000000000000FD
:10DF240000000000000000000000000000000000ED
:10DF340000000000000000000000000000000000DD
:10DF440000000000000000000000000000000000CD
:10DF540000000000000000000000000000000000BD
:10DF640000000000000000000000000000000000AD
:10DF7400000000000000000000000000000000009D
:10DF8400000000000000000000000000000000008D
:10DF9400000000000000000000000000000000007D
:10DFA400000000000000000000000000000000006D
:10DFB400000000000000000000000000000000005D
:10DFC400000000000000000000000000000000004D
:10DFD400000000000000000000000000000000003D
:10DFE400000000000000000000000000000000002D
:10DFF400000000000000000000000000000000001D
:10E00400000000000000000000000000000000000C
:10E0140000000000000000000000000000000000FC
:10E0240000000000000000000000000000000000EC
:10E0340000000000000000000000000000000000DC
:10E0440000000000000000000000000000000000CC
:10E0540000000000000000000000000000000000BC
:10E0640000000000000000000000000000000000AC
:10E07400000000000000000000000000000000009C
:10E08400000000000000000000000000000000008C
:10E09400000000000000000000000000000000007C
:10E0A400000000000000000000000000000000006C
:10E0B400000000000000000000000000000000005C
:10E0C400000000000000000000000000000000004C
:10E0D400000000000000000000000000000000003C
:10E0E400000000000000000000000000000000002C
:10E0F400000000000000000000000000000000001C
:10E10400000000000000000000000000000000000B
:10E1140000000000000000000000000000000000FB
:10E1240000000000000000000000000000000000EB
:10E1340000000000000000000000000000000000DB
:10E1440000000000000000000000000000000000CB
:10E1540000000000000000000000000000000000BB
:10E1640000000000000000000000000000000000AB
:10E17400000000000000000000000000000000009B
:10E18400000000000000000000000000000000008B
:10E19400000000000000000000000000000000007B
:10E1A400000000000000000000000000000000006B
:10E1B400000000000000000000000000000000005B
:10E1C400000000000000000000000000000000004B
:10E1D400000000000000000000000000000000003B
:10E1E400000000000000000000000000000000002B
:10E1F400000000000000000000000000000000001B
:10E20400000000000000000000000000000000000A
:10E2140000000000000000000000000000000000FA
:10E2240000000000000000000000000000000000EA
:10E2340000000000000000000000000000000000DA
:10E2440000000000000000000000000000000000CA
:10E2540000000000000000000000000000000000BA
:10E2640000000000000000000000000000000000AA
:10E27400000000000000000000000000000000009A
:10E28400000000000000000000000000000000008A
:10E29400000000000000000000000000000000007A
:10E2A400000000000000000000000000000000006A
:10E2B400000000000000000000000000000000005A
:10E2C400000000000000000000000000000000004A
:10E2D400000000000000000000000000000000003A
:10E2E400000000000000000000000000000000002A
:10E2F400000000000000000000000000000000001A
:10E304000000000000000000000000000000000009
:10E3140000000000000000000000000000000000F9
:10E3240000000000000000000000000000000000E9
:10E3340000000000000000000000000000000000D9
:10E3440000000000000000000000000000000000C9
:10E3540000000000000000000000000000000000B9
:10E3640000000000000000000000000000000000A9
:10E374000000000000000000000000000000000099
:10E384000000000000000000000000000000000089
:10E394000000000000000000000000000000000079
:10E3A4000000000000000000000000000000000069
:10E3B4000000000000000000000000000000000059
:10E3C4000000000000000000000000000000000049
:10E3D4000000000000000000000000000000000039
:10E3E4000000000000000000000000000000000029
:10E3F4000000000000000000000000000000000019
:10E404000000000000000000000000000000000008
:10E4140000000000000000000000000000000000F8
:10E4240000000000000000000000000000000000E8
:10E4340000000000000000000000000000000000D8
:10E4440000000000000000000000000000000000C8
:10E4540000000000000000000000000000000000B8
:10E4640000000000000000000000000000000000A8
:10E474000000000000000000000000000000000098
:10E484000000000000000000000000000000000088
:10E494000000000000000000000000000000000078
:10E4A4000000000000000000000000000000000068
:10E4B4000000000000000000000000000000000058
:10E4C4000000000000000000000000000000000048
:10E4D4000000000000000000000000000000000038
:10E4E4000000000000000000000000000000000028
:10E4F4000000000000000000000000000000000018
:10E504000000000000000000000000000000000007
:10E5140000000000000000000000000000000000F7
:10E5240000000000000000000000000000000000E7
:10E5340000000000000000000000000000000000D7
:10E5440000000000000000000000000000000000C7
:10E5540000000000000000000000000000000000B7
:10E5640000000000000000000000000000000000A7
:10E574000000000000000000000000000000000097
:10E584000000000000000000000000000000000087
:10E594000000000000000000000000000000000077
:10E5A4000000000000000000000000000000000067
:10E5B4000000000000000000000000000000000057
:10E5C4000000000000000000000000000000000047
:10E5D4000000000000000000000000000000000037
:10E5E4000000000000000000000000000000000027
:10E5F4000000000000000000000000000000000017
:10E604000000000000000000000000000000000006
:10E6140000000000000000000000000000000000F6
:10E6240000000000000000000000000000000000E6
:10E6340000000000000000000000000000000000D6
:10E6440000000000000000000000000000000000C6
:10E6540000000000000000000000000000000000B6
:10E6640000000000000000000000000000000000A6
:10E674000000000000000000000000000000000096
:10E684000000000000000000000000000000000086
:10E694000000000000000000000000000000000076
:10E6A4000000000000000000000000000000000066
:10E6B4000000000000000000000000000000000056
:10E6C4000000000000000000000000000000000046
:10E6D4000000000000000000000000000000000036
:10E6E4000000000000000000000000000000000026
:10E6F4000000000000000000000000000000000016
:10E704000000000000000000000000000000000005
:10E7140000000000000000000000000000000000F5
:10E7240000000000000000000000000000000000E5
:10E7340000000000000000000000000000000000D5
:10E7440000000000000000000000000000000000C5
:10E7540000000000000000000000000000000000B5
:10E7640000000000000000000000000000000000A5
:10E774000000000000000000000000000000000095
:10E784000000000000000000000000000000000085
:10E794000000000000000000000000000000000075
:10E7A4000000000000000000000000000000000065
:10E7B4000000000000000000000000000000000055
:10E7C4000000000000000000000000000000000045
:10E7D4000000000000000000000000000000000035
:10E7E4000000000000000000000000000000000025
:10E7F4000000000000000000000000000000000015
:10E804000000000000000000000000000000000004
:10E8140000000000000000000000000000000000F4
:10E8240000000000000000000000000000000000E4
:10E8340000000000000000000000000000000000D4
:10E8440000000000000000000000000000000000C4
:10E8540000000000000000000000000000000000B4
:10E8640000000000000000000000000000000000A4
:10E874000000000000000000000000000000000094
:10E884000000000000000000000000000000000084
:10E894000000000000000000000000000000000074
:10E8A4000000000000000000000000000000000064
:10E8B4000000000000000000000000000000000054
:10E8C4000000000000000000000000000000000044
:10E8D4000000000000000000000000000000000034
:10E8E4000000000000000000000000000000000024
:10E8F4000000000000000000000000000000000014
:10E904000000000000000000000000000000000003
:10E9140000000000000000000000000000000000F3
:10E9240000000000000000000000000000000000E3
:10E9340000000000000000000000000000000000D3
:10E9440000000000000000000000000000000000C3
:10E9540000000000000000000000000000000000B3
:10E9640000000000000000000000000000000000A3
:10E974000000000000000000000000000000000093
:10E984000000000000000000000000000000000083
:10E994000000000000000000000000000000000073
:10E9A4000000000000000000000000000000000063
:10E9B4000000000000000000000000000000000053
:10E9C4000000000000000000000000000000000043
:10E9D4000000000000000000000000000000000033
:10E9E4000000000000000000000000000000000023
:10E9F4000000000000000000000000000000000013
:10EA04000000000000000000000000000000000002
:10EA140000000000000000000000000000000000F2
:10EA240000000000000000000000000000000000E2
:10EA340000000000000000000000000000000000D2
:10EA440000000000000000000000000000000000C2
:10EA540000000000000000000000000000000000B2
:10EA640000000000000000000000000000000000A2
:10EA74000000000000000000000000000000000092
:10EA84000000000000000000000000000000000082
:10EA94000000000000000000000000000000000072
:10EAA4000000000000000000000000000000000062
:10EAB4000000000000000000000000000000000052
:10EAC4000000000000000000000000000000000042
:10EAD4000000000000000000000000000000000032
:10EAE4000000000000000000000000000000000022
:10EAF4000000000000000000000000000000000012
:10EB04000000000000000000000000000000000001
:10EB140000000000000000000000000000000000F1
:10EB240000000000000000000000000000000000E1
:10EB340000000000000000000000000000000000D1
:10EB440000000000000000000000000000000000C1
:10EB540000000000000000000000000000000000B1
:10EB640000000000000000000000000000000000A1
:10EB74000000000000000000000000000000000091
:10EB84000000000000000000000000000000000081
:10EB94000000000000000000000000000000000071
:10EBA4000000000000000000000000000000000061
:10EBB4000000000000000000000000000000000051
:10EBC4000000000000000000000000000000000041
:10EBD4000000000000000000000000000000000031
:10EBE4000000000000000000000000000000000021
:10EBF4000000000000000000000000000000000011
:10EC04000000000000000000000000000000000000
:10EC140000000000000000000000000000000000F0
:10EC240000000000000000000000000000000000E0
:10EC340000000000000000000000000000000000D0
:10EC440000000000000000000000000000000000C0
:10EC540000000000000000000000000000000000B0
:10EC640000000000000000000000000000000000A0
:10EC74000000000000000000000000000000000090
:10EC84000000000000000000000000000000000080
:10EC94000000000000000000000000000000000070
:10ECA4000000000000000000000000000000000060
:10ECB4000000000000000000000000000000000050
:10ECC4000000000000000000000000000000000040
:10ECD4000000000000000000000000000000000030
:10ECE4000000000000000000000000000000000020
:10ECF4000000000000000000000000000000000010
:10ED040000000000000000000000000000000000FF
:10ED140000000000000000000000000000000000EF
:10ED240000000000000000000000000000000000DF
:10ED340000000000000000000000000000000000CF
:10ED440000000000000000000000000000000000BF
:10ED540000000000000000000000000000000000AF
:10ED6400000000000000000000000000000000009F
:10ED7400000000000000000000000000000000008F
:10ED8400000000000000000000000000000000007F
:10ED9400000000000000000000000000000000006F
:10EDA400000000000000000000000000000000005F
:10EDB400000000000000000000000000000000004F
:10EDC400000000000000000000000000000000003F
:10EDD400000000000000000000000000000000002F
:10EDE400000000000000000000000000000000001F
:10EDF400000000000000000000000000000000000F
:10EE040000000000000000000000000000000000FE
:10EE140000000000000000000000000000000000EE
:10EE240000000000000000000000000000000000DE
:10EE340000000000000000000000000000000000CE
:10EE440000000000000000000000000000000000BE
:10EE540000000000000000000000000000000000AE
:10EE6400000000000000000000000000000000009E
:10EE7400000000000000000000000000000000008E
:10EE8400000000000000000000000000000000007E
:10EE9400000000000000000000000000000000006E
:10EEA400000000000000000000000000000000005E
:10EEB400000000000000000000000000000000004E
:10EEC400000000000000000000000000000000003E
:10EED400000000000000000000000000000000002E
:10EEE400000000000000000000000000000000001E
:10EEF400000000000000000000000000000000000E
:10EF040000000000000000000000000000000000FD
:10EF140000000000000000000000000000000000ED
:10EF240000000000000000000000000000000000DD
:10EF340000000000000000000000000000000000CD
:10EF440000000000000000000000000000000000BD
:10EF540000000000000000000000000000000000AD
:10EF6400000000000000000000000000000000009D
:10EF7400000000000000000000000000000000008D
:10EF8400000000000000000000000000000000007D
:10EF9400000000000000000000000000000000006D
:10EFA400000000000000000000000000000000005D
:10EFB400000000000000000000000000000000004D
:10EFC400000000000000000000000000000000003D
:10EFD400000000000000000000000000000000002D
:10EFE400000000000000000000000000000000001D
:10EFF400000000000000000000000000000000000D
:10F0040000000000000000000000000000000000FC
:10F0140000000000000000000000000000000000EC
:10F0240000000000000000000000000000000000DC
:10F0340000000000000000000000000000000000CC
:10F0440000000000000000000000000000000000BC
:10F0540000000000000000000000000000000000AC
:10F06400000000000000000000000000000000009C
:10F07400000000000000000000000000000000008C
:10F08400000000000000000000000000000000007C
:10F09400000000000000000000000000000000006C
:10F0A400000000000000000000000000000000005C
:10F0B400000000000000000000000000000000004C
:10F0C400000000000000000000000000000000003C
:10F0D400000000000000000000000000000000002C
:10F0E400000000000000000000000000000000001C
:10F0F400000000000000000000000000000000000C
:10F1040000000000000000000000000000000000FB
:10F1140000000000000000000000000000000000EB
:10F1240000000000000000000000000000000000DB
:10F1340000000000000000000000000000000000CB
:10F1440000000000000000000000000000000000BB
:10F1540000000000000000000000000000000000AB
:10F16400000000000000000000000000000000009B
:10F17400000000000000000000000000000000008B
:10F18400000000000000000000000000000000007B
:10F19400000000000000000000000000000000006B
:10F1A400000000000000000000000000000000005B
:10F1B400000000000000000000000000000000004B
:10F1C400000000000000000000000000000000003B
:10F1D400000000000000000000000000000000002B
:10F1E400000000000000000000000000000000001B
:10F1F400000000000000000000000000000000000B
:10F2040000000000000000000000000000000000FA
:10F2140000000000000000000000000000000000EA
:10F2240000000000000000000000000000000000DA
:10F2340000000000000000000000000000000000CA
:00000001FF
